timestamp;latitude;longitude;weather_id;weather_main;weather_description;weather_icon;base;temp;feels_like;temp_min;temp_max;pressure;humidity;sea_level;grnd_level;visibility;wind_speed;wind_deg;wind_gust;clouds_all;dt;sys_type;sys_id;country;sunrise;sunset;timezone;city_id;city_name;cod
2024-08-12T10:56:34.330721;515.074;-0.1278;802;Clouds;scattered clouds;03d;stations;29.84;33.33;27.84;31.13;1007;64;1007;1003;10000;4.12;210;;35;1723484757;2;2075535;GB;1723437712;1723490959;3600;2643743;London;200
2024-08-12T10:56:47.763730;515.074;-0.1278;802;Clouds;scattered clouds;03d;stations;29.84;33.33;27.84;31.13;1007;64;1007;1003;10000;4.12;210;;35;1723484757;2;2075535;GB;1723437712;1723490959;3600;2643743;London;200
2024-08-12T10:59:40.218519;515.074;-0.1278;802;Clouds;scattered clouds;03d;stations;29.84;33.33;27.84;31.13;1007;64;1007;1003;10000;4.12;210;;35;1723484757;2;2075535;GB;1723437712;1723490959;3600;2643743;London;200
2024-08-12T11:01:05.787739;515.074;-0.1278;802;Clouds;scattered clouds;03d;stations;29.84;33.33;27.84;31.13;1007;64;1007;1003;10000;4.12;210;;35;1723484757;2;2075535;GB;1723437712;1723490959;3600;2643743;London;200
2024-08-12T11:16:04.025397;515.074;-0.1278;800;Clear;clear sky;01n;stations;27.79;29.25;26.12;28.45;1007;61;1007;1003;10000;4.47;197;4.92;7;1723490981;2;268730;GB;1723437712;1723490959;3600;2643743;London;200
2024-08-12T11:31:05.324118;515.074;-0.1278;800;Clear;clear sky;01n;stations;26.41;26.41;25.62;27.88;1008;64;1008;1004;10000;5.66;240;;6;1723492275;2;2019646;GB;1723437712;1723490959;3600;2643743;London;200
2024-08-12T17:29:03.320146;515.074;-0.1278;800;Clear;clear sky;01n;stations;22.35;22.13;20.61;23.45;1009;57;1009;1005;10000;0.89;288;3.13;5;1723501610;2;268730;GB;1723437712;1723490959;3600;2643743;London;200
2024-08-12T17:29:23.354607;515.074;-0.1278;800;Clear;clear sky;01n;stations;22.35;22.13;20.61;23.45;1009;57;1009;1005;10000;0.89;288;3.13;5;1723501610;2;268730;GB;1723437712;1723490959;3600;2643743;London;200
2024-08-12T17:29:28.413251;515.074;-0.1278;800;Clear;clear sky;01n;stations;22.35;22.13;20.61;23.45;1009;57;1009;1005;10000;0.89;288;3.13;5;1723501610;2;268730;GB;1723437712;1723490959;3600;2643743;London;200
2024-08-12T17:57:34.345244;515.073;-0.1276;800;Clear;clear sky;01n;stations;21.18;20.97;20.01;22.14;1009;62;1009;1005;10000;0.45;294;1.79;4;1723503009;2;2075535;GB;1723437712;1723490959;3600;2643743;London;200
2024-08-12T17:58:20.555726;515.073;-0.1276;800;Clear;clear sky;01n;stations;21.18;20.97;20.01;22.14;1009;62;1009;1005;10000;0.45;294;1.79;4;1723503009;2;2075535;GB;1723437712;1723490959;3600;2643743;London;200
2024-08-12T18:14:40.747833;515.074;-0.1278;800;Clear;clear sky;01n;stations;20.63;20.39;19.45;21.59;1009;63;1009;1005;10000;0.45;253;1.34;4;1723504472;2;2075535;GB;1723524207;1723577243;3600;2643743;London;200
2024-08-12T18:19:40.738471;515.085;-0.1257;800;Clear;clear sky;01n;stations;20.93;20.72;19.43;22.23;1009;63;1009;1005;10000;0.89;277;1.34;4;1723504050;2;2075535;GB;1723524206;1723577243;3600;2643743;London;200
2024-08-12T18:24:40.749077;515.074;-0.1278;800;Clear;clear sky;01n;stations;20.4;20.17;18.9;21.27;1009;64;1009;1005;10000;0.45;261;2.68;4;1723504959;2;2075535;GB;1723524207;1723577243;3600;2643743;London;200
2024-08-12T18:29:40.725787;515.074;-0.1278;800;Clear;clear sky;01n;stations;20.4;20.17;18.9;21.27;1009;64;1009;1005;10000;0.45;261;2.68;4;1723504959;2;2075535;GB;1723524207;1723577243;3600;2643743;London;200
2024-08-12T18:34:40.733230;515.074;-0.1278;800;Clear;clear sky;01n;stations;20.4;20.17;18.9;21.27;1009;64;1009;1005;10000;0.45;261;2.68;4;1723504959;2;2075535;GB;1723524207;1723577243;3600;2643743;London;200
2024-08-12T18:39:40.736374;515.074;-0.1278;800;Clear;clear sky;01n;stations;20.07;19.83;18.9;21.03;1009;65;1009;1005;10000;0.45;284;1.79;4;1723505860;2;2075535;GB;1723524207;1723577243;3600;2643743;London;200
2024-08-12T18:44:40.726229;515.074;-0.1278;800;Clear;clear sky;01n;stations;20.07;19.83;18.9;21.03;1009;65;1009;1005;10000;0.45;284;1.79;4;1723505860;2;2075535;GB;1723524207;1723577243;3600;2643743;London;200
2024-08-12T18:49:40.741345;515.074;-0.1278;800;Clear;clear sky;01n;stations;19.84;19.6;18.9;20.72;1009;66;1009;1005;10000;0.89;247;1.79;4;1723506406;2;2075535;GB;1723524207;1723577243;3600;2643743;London;200
2024-08-12T18:54:40.739696;515.074;-0.1278;800;Clear;clear sky;01n;stations;19.84;19.6;18.9;20.72;1009;66;1009;1005;10000;0.89;247;1.79;4;1723506406;2;2075535;GB;1723524207;1723577243;3600;2643743;London;200
2024-08-12T18:59:40.765486;515.074;-0.1278;800;Clear;clear sky;01n;stations;19.84;19.6;18.9;20.72;1009;66;1009;1005;10000;0.89;247;1.79;4;1723506406;2;2075535;GB;1723524207;1723577243;3600;2643743;London;200
2024-08-12T19:04:40.764349;515.072;-0.1276;800;Clear;clear sky;01n;stations;19.82;19.61;18.9;20.48;1009;67;1009;1005;10000;1.34;195;2.68;4;1723507202;2;2075535;GB;1723524207;1723577243;3600;2643743;London;200
2024-08-12T19:09:40.762891;515.074;-0.1278;800;Clear;clear sky;01n;stations;19.72;19.5;18.63;20.48;1009;67;1009;1005;10000;1.34;195;2.68;4;1723507228;2;2075535;GB;1723524207;1723577243;3600;2643743;London;200
2024-08-12T19:14:40.765899;515.074;-0.1278;800;Clear;clear sky;01n;stations;19.33;19.07;18.63;20.48;1009;67;1009;1005;10000;0.89;232;2.68;4;1723507805;2;2075535;GB;1723524207;1723577243;3600;2643743;London;200
2024-08-12T19:19:40.762824;515.077;-0.128;800;Clear;clear sky;01n;stations;19.29;19.02;18.63;19.92;1009;67;1009;1005;10000;0.89;232;2.68;4;1723507976;2;2075535;GB;1723524207;1723577244;3600;2643743;London;200
2024-08-12T19:24:40.780485;515.072;-0.1276;800;Clear;clear sky;01n;stations;19.18;18.9;17.79;19.92;1009;67;1009;1005;10000;0.89;289;3.13;4;1723508600;2;2075535;GB;1723524207;1723577243;3600;2643743;London;200
2024-08-12T19:29:40.786236;515.072;-0.1276;800;Clear;clear sky;01n;stations;19.18;18.9;17.79;19.92;1009;67;1009;1005;10000;0.89;289;3.13;4;1723508600;2;2075535;GB;1723524207;1723577243;3600;2643743;London;200
2024-08-12T19:34:40.779703;515.074;-0.1278;800;Clear;clear sky;01n;stations;19.21;18.94;17.79;19.92;1009;67;1009;1005;10000;3.09;240;;5;1723509224;2;2075535;GB;1723524207;1723577243;3600;2643743;London;200
2024-08-12T19:39:40.779097;515.074;-0.1278;800;Clear;clear sky;01n;stations;19.21;18.94;17.79;19.92;1009;67;1009;1005;10000;3.09;240;;5;1723509224;2;2075535;GB;1723524207;1723577243;3600;2643743;London;200
2024-08-12T19:44:40.794635;515.074;-0.1278;800;Clear;clear sky;01n;stations;19.2;18.9;17.79;19.92;1009;66;1009;1005;10000;3.09;240;;5;1723509782;2;2075535;GB;1723524207;1723577243;3600;2643743;London;200
2024-08-12T19:49:40.817426;515.072;-0.1276;800;Clear;clear sky;01n;stations;19.21;18.91;17.79;19.92;1009;66;1009;1005;10000;3.09;240;;5;1723509709;2;2075535;GB;1723524207;1723577243;3600;2643743;London;200
2024-08-12T19:54:40.794525;515.077;-0.128;800;Clear;clear sky;01n;stations;18.78;18.46;17.23;19.88;1009;67;1009;1005;10000;3.09;240;;5;1723510635;2;2075535;GB;1723524207;1723577244;3600;2643743;London;200
2024-08-12T19:59:40.807557;515.077;-0.128;800;Clear;clear sky;01n;stations;18.78;18.46;17.23;19.88;1009;67;1009;1005;10000;3.09;240;;5;1723510635;2;2075535;GB;1723524207;1723577244;3600;2643743;London;200
2024-08-12T20:04:40.801471;515.074;-0.1278;800;Clear;clear sky;01n;stations;18.6;18.29;17.23;19.36;1009;68;1009;1005;10000;0.89;255;1.34;5;1723511278;2;2075535;GB;1723524207;1723577243;3600;2643743;London;200
2024-08-12T20:09:40.835493;515.085;-0.1257;800;Clear;clear sky;01n;stations;18.66;18.33;17.21;19.86;1009;67;1009;1005;10000;3.09;220;;5;1723511202;2;2075535;GB;1723524206;1723577243;3600;2643743;London;200
2024-08-12T20:14:40.828595;515.074;-0.1278;800;Clear;clear sky;01n;stations;18.09;17.81;16.68;18.88;1010;71;1010;1005;10000;3.6;210;;9;1723513943;2;2075535;GB;1723524207;1723577243;3600;2643743;London;200
2024-08-12T20:19:43.375668;515.074;-0.1278;800;Clear;clear sky;01n;stations;18.03;17.77;16.17;18.88;1010;72;1010;1005;10000;3.6;240;;9;1723514589;2;2075535;GB;1723524207;1723577243;3600;2643743;London;200
2024-08-12T20:24:40.832393;515.074;-0.1278;800;Clear;clear sky;01n;stations;18.03;17.77;16.17;18.88;1010;72;1010;1005;10000;3.6;240;;9;1723514589;2;2075535;GB;1723524207;1723577243;3600;2643743;London;200
2024-08-12T20:29:40.819651;515.072;-0.1275;800;Clear;clear sky;01n;stations;17.81;17.55;16.12;18.4;1010;73;1010;1005;10000;0.89;245;1.34;9;1723515233;2;2075535;GB;1723524207;1723577243;3600;2643743;London;200
2024-08-12T20:34:40.841032;515.072;-0.1276;800;Clear;clear sky;01n;stations;17.66;17.36;16.12;18.88;1010;72;1010;1005;10000;3.6;240;;9;1723515499;2;2075535;GB;1723524207;1723577243;3600;2643743;London;200
2024-08-12T20:39:40.818885;515.077;-0.128;800;Clear;clear sky;01n;stations;17.66;17.39;16.12;18.88;1010;73;1010;1005;10000;3.6;240;;9;1723515953;2;2075535;GB;1723524207;1723577244;3600;2643743;London;200
2024-08-12T20:44:40.862998;515.077;-0.128;800;Clear;clear sky;01n;stations;17.66;17.39;16.12;18.88;1010;73;1010;1005;10000;3.6;240;;9;1723515953;2;2075535;GB;1723524207;1723577244;3600;2643743;London;200
2024-08-12T20:49:40.840892;515.074;-0.1278;802;Clouds;scattered clouds;03n;stations;17.56;17.28;16.12;18.88;1010;73;1010;1005;10000;3.6;240;;28;1723516227;2;2075535;GB;1723524207;1723577243;3600;2643743;London;200
2024-08-12T20:54:40.839949;515.142;-0.1327;802;Clouds;scattered clouds;03n;stations;17.26;16.97;16.05;18.18;1010;74;1010;1006;10000;3.6;230;;28;1723516627;2;2075535;GB;1723524207;1723577246;3600;2643743;London;200
2024-08-12T20:59:40.890489;515.074;-0.1278;801;Clouds;few clouds;02n;stations;17.3;17.02;16.12;18.25;1009;74;1009;1005;10000;3.6;230;;11;1723516841;2;2075535;GB;1723524207;1723577243;3600;2643743;London;200
2024-08-12T21:04:40.863280;515.072;-0.1276;801;Clouds;few clouds;02n;stations;17.25;16.96;15.57;17.88;1009;74;1009;1005;10000;3.6;230;;11;1723517446;2;2075535;GB;1723524207;1723577243;3600;2643743;London;200
2024-08-12T21:09:40.901486;515.074;-0.1278;801;Clouds;few clouds;02n;stations;17.25;16.96;15.57;17.88;1009;74;1009;1005;10000;3.6;230;;11;1723517399;2;2075535;GB;1723524207;1723577243;3600;2643743;London;200
2024-08-12T21:14:40.873018;515.074;-0.1278;801;Clouds;few clouds;02n;stations;17.09;16.81;15.57;17.88;1009;75;1009;1005;10000;3.6;230;;11;1723518060;2;2075535;GB;1723524207;1723577243;3600;2643743;London;200
2024-08-12T21:19:40.882824;515.074;-0.1278;801;Clouds;few clouds;02n;stations;17.09;16.81;15.57;17.88;1009;75;1009;1005;10000;3.6;230;;11;1723518060;2;2075535;GB;1723524207;1723577243;3600;2643743;London;200
2024-08-12T21:24:40.897620;515.074;-0.1278;801;Clouds;few clouds;02n;stations;17.09;16.81;15.57;17.88;1009;75;1009;1005;10000;3.6;230;;11;1723518060;2;2075535;GB;1723524207;1723577243;3600;2643743;London;200
2024-08-12T21:29:40.889696;515.085;-0.1257;801;Clouds;few clouds;02n;stations;16.98;16.69;15.55;17.86;1009;75;1009;1005;10000;4.12;240;;11;1723518429;2;2075535;GB;1723524206;1723577243;3600;2643743;London;200
2024-08-12T21:34:40.877813;515.085;-0.1257;801;Clouds;few clouds;02n;stations;16.98;16.69;15.55;17.86;1009;75;1009;1005;10000;4.12;240;;11;1723518429;2;2075535;GB;1723524206;1723577243;3600;2643743;London;200
2024-08-12T21:39:40.885070;515.074;-0.1278;801;Clouds;few clouds;02n;stations;16.77;16.49;15.01;17.88;1009;76;1009;1005;10000;4.12;240;;11;1723519560;2;2075535;GB;1723524207;1723577243;3600;2643743;London;200
2024-08-12T21:44:40.880846;515.074;-0.1278;801;Clouds;few clouds;02n;stations;16.77;16.49;15.01;17.88;1009;76;1009;1005;10000;4.12;240;;11;1723519336;2;2075535;GB;1723524207;1723577243;3600;2643743;London;200
2024-08-12T21:49:41.192543;515.074;-0.1278;802;Clouds;scattered clouds;03n;stations;16.77;16.49;15.01;17.88;1009;76;1009;1005;10000;3.6;240;;29;1723520161;2;2075535;GB;1723524207;1723577243;3600;2643743;London;200
2024-08-12T21:54:41.895106;515.074;-0.1278;802;Clouds;scattered clouds;03n;stations;16.77;16.49;15.01;17.88;1009;76;1009;1005;10000;3.6;240;;29;1723520161;2;2075535;GB;1723524207;1723577243;3600;2643743;London;200
2024-08-12T21:59:41.761955;515.074;-0.1278;802;Clouds;scattered clouds;03n;stations;16.77;16.49;15.01;17.88;1009;76;1009;1005;10000;3.6;240;;29;1723520161;2;2075535;GB;1723524207;1723577243;3600;2643743;London;200
2024-08-12T22:04:41.401209;515.074;-0.1278;802;Clouds;scattered clouds;03n;stations;16.4;16.16;15.01;17.14;1009;79;1009;1005;10000;3.09;220;;29;1723522203;2;2075535;GB;1723524207;1723577243;3600;2643743;London;200
2024-08-12T22:09:41.853750;515.072;-0.1276;802;Clouds;scattered clouds;03n;stations;16.31;16.06;14.74;17.14;1009;79;1009;1005;10000;3.09;220;;29;1723522510;2;2075535;GB;1723524207;1723577243;3600;2643743;London;200
2024-08-12T22:14:40.835438;515.072;-0.1276;802;Clouds;scattered clouds;03n;stations;16.31;16.06;14.74;17.14;1009;79;1009;1005;10000;3.09;220;;29;1723522510;2;2075535;GB;1723524207;1723577243;3600;2643743;London;200
2024-08-12T22:19:40.835769;515.073;-0.1276;802;Clouds;scattered clouds;03n;stations;16.05;15.77;14.45;16.88;1009;79;1009;1005;10000;3.09;220;;29;1723523223;2;2075535;GB;1723524207;1723577243;3600;2643743;London;200
2024-08-12T22:24:40.841469;515.072;-0.1276;802;Clouds;scattered clouds;03n;stations;16.04;15.76;14.45;16.88;1009;79;1009;1005;10000;3.09;210;;42;1723523593;2;2075535;GB;1723524207;1723577243;3600;2643743;London;200
2024-08-12T22:29:43.389316;515.074;-0.1278;802;Clouds;scattered clouds;03n;stations;16.04;15.76;14.45;16.88;1009;79;1009;1005;10000;3.09;210;;42;1723523837;2;2075535;GB;1723524207;1723577243;3600;2643743;London;200
2024-08-12T22:34:40.862832;515.074;-0.1278;802;Clouds;scattered clouds;03d;stations;16.04;15.76;14.45;16.88;1009;79;1009;1005;10000;3.09;210;;42;1723524265;2;2075535;GB;1723524207;1723577243;3600;2643743;London;200
2024-08-12T22:39:41.624041;515.074;-0.1278;802;Clouds;scattered clouds;03d;stations;16.04;15.76;14.45;16.88;1009;79;1009;1005;10000;3.09;210;;42;1723524265;2;2075535;GB;1723524207;1723577243;3600;2643743;London;200
2024-08-12T22:44:40.861705;515.074;-0.1278;802;Clouds;scattered clouds;03d;stations;16.04;15.76;14.45;16.88;1009;79;1009;1005;10000;3.09;210;;42;1723524265;2;2075535;GB;1723524207;1723577243;3600;2643743;London;200
2024-08-12T22:49:41.392175;515.074;-0.1278;802;Clouds;scattered clouds;03d;stations;15.88;15.61;14.45;16.88;1009;80;1009;1005;10000;3.09;210;;42;1723524958;2;2075535;GB;1723524207;1723577243;3600;2643743;London;200
2024-08-12T22:54:40.872068;515.074;-0.1278;802;Clouds;scattered clouds;03d;stations;15.88;15.61;14.45;16.88;1009;80;1009;1005;10000;3.09;210;;42;1723524958;2;2075535;GB;1723524207;1723577243;3600;2643743;London;200
2024-08-12T22:59:41.146542;515.072;-0.1276;802;Clouds;scattered clouds;03d;stations;15.88;15.61;14.45;16.88;1009;80;1009;1005;10000;3.09;210;;42;1723525203;2;2075535;GB;1723524207;1723577243;3600;2643743;London;200
2024-08-13T09:08:07.644142;515.072;-0.1276;800;Clear;clear sky;01d;stations;26.53;26.53;26.18;27.84;1009;44;1009;1005;10000;4.63;190;;7;1723557741;2;268730;GB;1723524207;1723577243;3600;2643743;London;200
2024-08-13T09:42:49.359742;51.506;-0.127;802;Clouds;scattered clouds;03d;stations;26.86;27.01;26.22;27.98;1009;45;1009;1004;10000;4.12;200;;37;1723560444;2;268730;GB;1723524207;1723577243;3600;2643743;London;200
2024-08-13T09:42:58.934040;51.506;-0.127;802;Clouds;scattered clouds;03d;stations;26.86;27.01;26.22;27.98;1009;45;1009;1004;10000;4.12;200;;37;1723560444;2;268730;GB;1723524207;1723577243;3600;2643743;London;200
2024-08-13T09:47:58.228580;515.074;-0.1278;802;Clouds;scattered clouds;03d;stations;26.61;26.61;26.03;27.94;1009;44;1009;1004;10000;4.12;200;;37;1723560995;2;268730;GB;1723524207;1723577243;3600;2643743;London;200
2024-08-13T09:52:58.032813;515.074;-0.1278;802;Clouds;scattered clouds;03d;stations;26.61;26.61;26.03;27.94;1009;44;1009;1004;10000;4.12;200;;37;1723560995;2;268730;GB;1723524207;1723577243;3600;2643743;London;200
2024-08-13T09:53:44.151348;515.074;-0.1278;802;Clouds;scattered clouds;03d;stations;26.61;26.61;26.03;27.94;1009;44;1009;1004;10000;4.12;200;;37;1723560995;2;268730;GB;1723524207;1723577243;3600;2643743;London;200
2024-08-13T09:57:58.614483;515.074;-0.1278;802;Clouds;scattered clouds;03d;stations;26.61;26.61;26.03;27.94;1009;44;1009;1004;10000;4.12;200;;37;1723560995;2;268730;GB;1723524207;1723577243;3600;2643743;London;200
2024-08-13T10:02:58.824627;515.074;-0.1278;802;Clouds;scattered clouds;03d;stations;26.6;26.6;26.03;27.94;1009;44;1009;1004;10000;4.12;200;;37;1723561806;2;268730;GB;1723524207;1723577243;3600;2643743;London;200
2024-08-13T10:07:57.915433;515.074;-0.1278;802;Clouds;scattered clouds;03d;stations;26.6;26.6;26.03;27.94;1009;44;1009;1004;10000;4.12;200;;37;1723561644;2;268730;GB;1723524207;1723577243;3600;2643743;London;200
2024-08-13T10:12:59.593707;515.077;-0.128;802;Clouds;scattered clouds;03d;stations;27.19;27.23;26.59;27.94;1009;44;1009;1004;10000;4.12;200;;37;1723562287;2;268730;GB;1723524207;1723577244;3600;2643743;London;200
2024-08-13T10:17:58.642351;515.077;-0.128;802;Clouds;scattered clouds;03d;stations;27.19;27.23;26.59;27.94;1009;44;1009;1004;10000;4.12;200;;37;1723562287;2;268730;GB;1723524207;1723577244;3600;2643743;London;200
2024-08-13T10:22:57.944933;515.074;-0.1278;802;Clouds;scattered clouds;03d;stations;27.19;27.17;26.59;27.94;1009;43;1009;1004;10000;4.12;200;;37;1723562949;2;268730;GB;1723524207;1723577243;3600;2643743;London;200
2024-08-13T10:28:00.160878;515.074;-0.1278;802;Clouds;scattered clouds;03d;stations;27.19;27.17;26.59;27.94;1009;43;1009;1004;10000;4.12;200;;37;1723562949;2;268730;GB;1723524207;1723577243;3600;2643743;London;200
2024-08-13T10:32:59.640920;515.061;-0.125;803;Clouds;broken clouds;04d;stations;27.19;27.23;26.63;27.94;1009;44;1009;1005;10000;4.63;210;;53;1723563666;2;268730;GB;1723524207;1723577242;3600;2643743;London;200
2024-08-13T10:36:11.056159;515.074;-0.1278;803;Clouds;broken clouds;04d;stations;26.97;26.99;26.18;27.9;1009;43;1009;1005;10000;4.63;210;;53;1723563887;2;268730;GB;1723524207;1723577243;3600;2643743;London;200
2024-08-13T13:32:50.312895;515.073;-0.1276;802;Clouds;scattered clouds;03d;stations;23.42;23.33;21.73;24.54;1009;58;1009;1005;10000;4.12;210;;28;1723573974;2;2075535;GB;1723524207;1723577243;3600;2643743;London;200
2024-08-13T13:34:46.809185;515.073;-0.1276;802;Clouds;scattered clouds;03d;stations;23.42;23.33;21.73;24.54;1009;58;1009;1005;10000;4.12;210;;28;1723573974;2;2075535;GB;1723524207;1723577243;3600;2643743;London;200
2024-08-13T13:34:50.922213;515.073;-0.1276;802;Clouds;scattered clouds;03d;stations;23.42;23.33;21.73;24.54;1009;58;1009;1005;10000;4.12;210;;28;1723573974;2;2075535;GB;1723524207;1723577243;3600;2643743;London;200
2024-08-13T13:34:59.100232;515.073;-0.1276;802;Clouds;scattered clouds;03d;stations;23.42;23.33;21.73;24.54;1009;58;1009;1005;10000;4.12;210;;28;1723573974;2;2075535;GB;1723524207;1723577243;3600;2643743;London;200
2024-08-13T13:35:46.185490;515.074;-0.1278;802;Clouds;scattered clouds;03d;stations;23.37;23.28;21.73;24.21;1009;58;1009;1005;10000;4.12;210;;28;1723574607;2;2075535;GB;1723524207;1723577243;3600;2643743;London;200
2024-08-13T13:50:49.484623;515.073;-0.1276;802;Clouds;scattered clouds;03d;stations;22.99;22.89;21.17;23.99;1009;59;1009;1005;10000;4.12;210;;28;1723575019;2;2075535;GB;1723524207;1723577243;3600;2643743;London;200
2024-08-13T13:52:19.316958;515.073;-0.1276;802;Clouds;scattered clouds;03d;stations;22.99;22.89;21.17;23.99;1009;59;1009;1005;10000;4.12;210;;28;1723575019;2;2075535;GB;1723524207;1723577243;3600;2643743;London;200
2024-08-13T13:59:15.185488;515.074;-0.1278;802;Clouds;scattered clouds;03d;stations;22.59;22.52;21.17;23.99;1009;62;1009;1005;10000;4.63;210;;28;1723576015;2;2075535;GB;1723524207;1723577243;3600;2643743;London;200
2024-08-13T14:24:04.407102;515.074;-0.1278;802;Clouds;scattered clouds;03n;stations;21.89;21.78;20.62;22.88;1009;63;1009;1005;10000;4.63;210;;28;1723577381;2;2075535;GB;1723524207;1723577243;3600;2643743;London;200
2024-08-13T14:25:03.215412;515.074;-0.1278;802;Clouds;scattered clouds;03n;stations;21.89;21.78;20.62;22.88;1009;63;1009;1005;10000;4.63;210;;28;1723577381;2;2075535;GB;1723524207;1723577243;3600;2643743;London;200
2024-08-13T14:26:01.736989;515.074;-0.1278;801;Clouds;few clouds;02n;stations;20.41;20.31;18.95;21.21;1010;69;1010;1006;10000;4.12;220;;19;1723583398;2;2075535;GB;1723524207;1723577243;3600;2643743;London;200
2024-08-13T17:34:40.947985;515.077;-0.128;802;Clouds;scattered clouds;03n;stations;19.83;19.77;18.39;20.66;1011;73;1011;1006;10000;4.12;240;;39;1723588019;2;2075535;GB;1723524207;1723577244;3600;2643743;London;200
2024-08-13T17:35:02.438708;515.077;-0.128;802;Clouds;scattered clouds;03n;stations;19.83;19.77;18.39;20.66;1011;73;1011;1006;10000;4.12;240;;39;1723588019;2;2075535;GB;1723524207;1723577244;3600;2643743;London;200
2024-08-13T17:36:01.929795;515.077;-0.128;802;Clouds;scattered clouds;03n;stations;19.83;19.77;18.39;20.66;1011;73;1011;1006;10000;4.12;240;;39;1723588019;2;2075535;GB;1723524207;1723577244;3600;2643743;London;200
2024-08-13T17:37:02.492283;515.074;-0.1278;803;Clouds;broken clouds;04n;stations;19.61;19.56;17.83;20.32;1011;74;1011;1007;10000;3.09;240;;51;1723588532;2;2075535;GB;1723524207;1723577243;3600;2643743;London;200
2024-08-13T17:38:02.012127;515.084;-0.1254;803;Clouds;broken clouds;04n;stations;19.52;19.46;17.81;20.3;1011;74;1011;1007;10000;3.09;240;;51;1723588474;2;2075535;GB;1723524206;1723577243;3600;2643743;London;200
2024-08-13T17:39:01.557201;515.074;-0.1278;803;Clouds;broken clouds;04n;stations;19.61;19.56;17.83;20.32;1011;74;1011;1007;10000;3.09;240;;51;1723588532;2;2075535;GB;1723524207;1723577243;3600;2643743;London;200
2024-08-13T17:40:02.066352;515.074;-0.1278;803;Clouds;broken clouds;04n;stations;19.61;19.56;17.83;20.32;1011;74;1011;1007;10000;3.09;240;;51;1723588532;2;2075535;GB;1723524207;1723577243;3600;2643743;London;200
2024-08-13T17:41:01.571130;515.074;-0.1278;803;Clouds;broken clouds;04n;stations;19.61;19.56;17.83;20.32;1011;74;1011;1007;10000;3.09;240;;51;1723588532;2;2075535;GB;1723524207;1723577243;3600;2643743;London;200
2024-08-13T17:42:02.065989;515.084;-0.1254;803;Clouds;broken clouds;04n;stations;19.52;19.46;17.81;20.3;1011;74;1011;1007;10000;3.09;240;;51;1723588474;2;2075535;GB;1723524206;1723577243;3600;2643743;London;200
2024-08-13T17:43:01.557191;515.084;-0.1254;803;Clouds;broken clouds;04n;stations;19.52;19.46;17.81;20.3;1011;74;1011;1007;10000;3.09;240;;51;1723588474;2;2075535;GB;1723524206;1723577243;3600;2643743;London;200
2024-08-13T17:44:02.058013;515.084;-0.1254;803;Clouds;broken clouds;04n;stations;19.52;19.46;17.81;20.3;1011;74;1011;1007;10000;3.09;240;;51;1723588474;2;2075535;GB;1723524206;1723577243;3600;2643743;London;200
2024-08-13T17:45:01.541737;515.074;-0.1278;803;Clouds;broken clouds;04n;stations;19.31;19.23;17.83;20.1;1011;74;1011;1007;10000;3.09;240;;51;1723588910;2;2075535;GB;1723524207;1723577243;3600;2643743;London;200
2024-08-13T17:46:02.045740;515.074;-0.1278;803;Clouds;broken clouds;04n;stations;19.31;19.23;17.83;20.1;1011;74;1011;1007;10000;3.09;240;;51;1723588910;2;2075535;GB;1723524207;1723577243;3600;2643743;London;200
2024-08-13T17:47:01.567692;515.074;-0.1278;803;Clouds;broken clouds;04n;stations;19.31;19.23;17.83;20.1;1011;74;1011;1007;10000;3.09;240;;51;1723588910;2;2075535;GB;1723524207;1723577243;3600;2643743;London;200
2024-08-13T17:48:02.068396;515.074;-0.1278;803;Clouds;broken clouds;04n;stations;19.31;19.23;17.83;20.1;1011;74;1011;1007;10000;3.09;240;;51;1723588910;2;2075535;GB;1723524207;1723577243;3600;2643743;London;200
2024-08-13T17:49:01.565321;515.074;-0.1278;803;Clouds;broken clouds;04n;stations;19.31;19.23;17.83;20.1;1011;74;1011;1007;10000;3.09;240;;51;1723588910;2;2075535;GB;1723524207;1723577243;3600;2643743;London;200
2024-08-13T17:50:02.080082;515.074;-0.1278;803;Clouds;broken clouds;04n;stations;19.31;19.23;17.83;20.1;1011;74;1011;1007;10000;3.09;240;;51;1723588910;2;2075535;GB;1723524207;1723577243;3600;2643743;London;200
2024-08-13T17:51:01.582441;515.074;-0.1278;803;Clouds;broken clouds;04n;stations;19.31;19.23;17.83;20.1;1011;74;1011;1007;10000;3.09;240;;51;1723588910;2;2075535;GB;1723524207;1723577243;3600;2643743;London;200
2024-08-13T17:52:02.070187;515.074;-0.1278;803;Clouds;broken clouds;04n;stations;19.31;19.23;17.83;20.1;1011;74;1011;1007;10000;3.09;240;;51;1723588910;2;2075535;GB;1723524207;1723577243;3600;2643743;London;200
2024-08-13T17:53:01.572948;515.074;-0.1278;803;Clouds;broken clouds;04n;stations;19.31;19.23;17.83;20.1;1011;74;1011;1007;10000;3.09;240;;51;1723588910;2;2075535;GB;1723524207;1723577243;3600;2643743;London;200
2024-08-13T17:54:02.070573;515.074;-0.1278;803;Clouds;broken clouds;04n;stations;19.31;19.23;17.83;20.1;1011;74;1011;1007;10000;3.09;240;;51;1723588910;2;2075535;GB;1723524207;1723577243;3600;2643743;London;200
2024-08-13T17:55:01.581103;515.074;-0.1278;803;Clouds;broken clouds;04n;stations;19.31;19.23;17.83;20.1;1011;74;1011;1007;10000;3.09;240;;51;1723588910;2;2075535;GB;1723524207;1723577243;3600;2643743;London;200
2024-08-13T17:56:02.281664;515.073;-0.1276;803;Clouds;broken clouds;04n;stations;19.32;19.24;17.83;20.1;1011;74;1011;1007;10000;3.09;240;;51;1723589356;2;2075535;GB;1723524207;1723577243;3600;2643743;London;200
2024-08-13T17:57:01.978662;515.073;-0.1276;803;Clouds;broken clouds;04n;stations;19.32;19.24;17.83;20.1;1011;74;1011;1007;10000;3.09;240;;51;1723589356;2;2075535;GB;1723524207;1723577243;3600;2643743;London;200
2024-08-13T17:58:01.681166;515.073;-0.1276;803;Clouds;broken clouds;04n;stations;19.32;19.24;17.83;20.1;1011;74;1011;1007;10000;3.09;240;;51;1723589356;2;2075535;GB;1723524207;1723577243;3600;2643743;London;200
2024-08-13T17:59:02.428760;515.074;-0.1278;803;Clouds;broken clouds;04n;stations;19.4;19.33;17.83;20.1;1011;74;1011;1007;10000;3.09;240;;51;1723589853;2;2075535;GB;1723524207;1723577243;3600;2643743;London;200
2024-08-13T18:00:04.242583;515.074;-0.1278;803;Clouds;broken clouds;04n;stations;19.4;19.33;17.83;20.1;1011;74;1011;1007;10000;3.09;240;;51;1723589853;2;2075535;GB;1723524207;1723577243;3600;2643743;London;200
2024-08-13T18:01:01.940845;515.072;-0.1276;803;Clouds;broken clouds;04n;stations;19.4;19.33;17.83;20.1;1011;74;1011;1007;10000;3.09;240;;51;1723590003;2;2075535;GB;1723610703;1723663527;3600;2643743;London;200
2024-08-13T18:02:02.666777;515.074;-0.1278;803;Clouds;broken clouds;04n;stations;19.4;19.33;17.83;20.1;1011;74;1011;1007;10000;3.09;240;;51;1723589853;2;2075535;GB;1723524207;1723577243;3600;2643743;London;200
2024-08-13T18:03:02.366225;515.074;-0.1278;803;Clouds;broken clouds;04n;stations;19.4;19.33;17.83;20.1;1011;74;1011;1007;10000;3.09;240;;51;1723589853;2;2075535;GB;1723524207;1723577243;3600;2643743;London;200
2024-08-13T18:04:02.069945;515.072;-0.1276;803;Clouds;broken clouds;04n;stations;19.4;19.33;17.83;20.1;1011;74;1011;1007;10000;3.09;240;;51;1723590003;2;2075535;GB;1723610703;1723663527;3600;2643743;London;200
2024-08-13T18:05:01.781411;515.072;-0.1276;803;Clouds;broken clouds;04n;stations;19.4;19.33;17.83;20.1;1011;74;1011;1007;10000;3.09;240;;51;1723590003;2;2075535;GB;1723610703;1723663527;3600;2643743;London;200
2024-08-13T18:06:02.548927;515.072;-0.1276;803;Clouds;broken clouds;04n;stations;19.4;19.33;17.83;20.1;1011;74;1011;1007;10000;3.09;240;;51;1723590003;2;2075535;GB;1723610703;1723663527;3600;2643743;London;200
2024-08-13T18:07:02.357183;515.072;-0.1276;803;Clouds;broken clouds;04n;stations;19.4;19.33;17.83;20.1;1011;74;1011;1007;10000;3.09;240;;51;1723590003;2;2075535;GB;1723610703;1723663527;3600;2643743;London;200
2024-08-13T18:08:02.210057;515.072;-0.1276;803;Clouds;broken clouds;04n;stations;19.4;19.33;17.83;20.1;1011;74;1011;1007;10000;3.09;240;;51;1723590003;2;2075535;GB;1723610703;1723663527;3600;2643743;London;200
2024-08-13T18:09:01.955901;515.072;-0.1276;803;Clouds;broken clouds;04n;stations;19.4;19.33;17.83;20.1;1011;74;1011;1007;10000;3.09;240;;51;1723590003;2;2075535;GB;1723610703;1723663527;3600;2643743;London;200
2024-08-13T18:10:02.732027;515.074;-0.1278;803;Clouds;broken clouds;04n;stations;19.4;19.33;18.34;20.1;1011;74;1011;1007;10000;3.6;230;;51;1723590605;2;2075535;GB;1723610703;1723663527;3600;2643743;London;200
2024-08-13T18:11:02.480934;515.105;-0.1336;803;Clouds;broken clouds;04n;stations;19.36;19.28;18.27;20.03;1011;74;1011;1007;10000;3.6;230;;52;1723590546;2;2075535;GB;1723610704;1723663529;3600;2643743;London;200
2024-08-13T18:12:02.199817;515.105;-0.1336;803;Clouds;broken clouds;04n;stations;19.36;19.28;18.27;20.03;1011;74;1011;1007;10000;3.6;230;;52;1723590546;2;2075535;GB;1723610704;1723663529;3600;2643743;London;200
2024-08-13T18:13:01.947922;515.105;-0.1336;803;Clouds;broken clouds;04n;stations;19.36;19.28;18.27;20.03;1011;74;1011;1007;10000;3.6;230;;52;1723590546;2;2075535;GB;1723610704;1723663529;3600;2643743;London;200
2024-08-13T18:14:01.672924;515.074;-0.1278;803;Clouds;broken clouds;04n;stations;19.4;19.33;18.34;20.1;1011;74;1011;1007;10000;3.6;230;;51;1723590605;2;2075535;GB;1723610703;1723663527;3600;2643743;London;200
2024-08-13T18:15:02.408328;515.074;-0.1278;803;Clouds;broken clouds;04n;stations;19.4;19.33;18.34;20.1;1011;74;1011;1007;10000;3.6;230;;51;1723590605;2;2075535;GB;1723610703;1723663527;3600;2643743;London;200
2024-08-13T18:16:02.157126;515.074;-0.1278;803;Clouds;broken clouds;04n;stations;19.4;19.33;18.34;20.1;1011;74;1011;1007;10000;3.6;230;;51;1723590605;2;2075535;GB;1723610703;1723663527;3600;2643743;London;200
2024-08-13T18:17:01.845406;515.074;-0.1278;803;Clouds;broken clouds;04n;stations;19.4;19.33;18.34;20.1;1011;74;1011;1007;10000;3.6;230;;51;1723590605;2;2075535;GB;1723610703;1723663527;3600;2643743;London;200
2024-08-13T18:18:02.620939;515.074;-0.1278;803;Clouds;broken clouds;04n;stations;19.4;19.33;18.34;20.1;1011;74;1011;1007;10000;3.6;230;;51;1723590605;2;2075535;GB;1723610703;1723663527;3600;2643743;London;200
2024-08-13T18:19:02.377003;515.074;-0.1278;803;Clouds;broken clouds;04n;stations;19.4;19.33;18.34;20.1;1011;74;1011;1007;10000;3.6;230;;51;1723590605;2;2075535;GB;1723610703;1723663527;3600;2643743;London;200
2024-08-13T18:20:02.106501;515.074;-0.1278;803;Clouds;broken clouds;04n;stations;19.4;19.33;18.34;20.1;1011;74;1011;1007;10000;3.6;230;;51;1723590605;2;2075535;GB;1723610703;1723663527;3600;2643743;London;200
2024-08-13T18:21:01.842168;515.074;-0.1278;803;Clouds;broken clouds;04n;stations;19.4;19.33;18.34;20.1;1011;74;1011;1007;10000;3.6;230;;51;1723591213;2;2075535;GB;1723610703;1723663527;3600;2643743;London;200
2024-08-13T18:22:02.700172;515.074;-0.1278;803;Clouds;broken clouds;04n;stations;19.4;19.33;18.34;20.1;1011;74;1011;1007;10000;3.6;230;;51;1723591213;2;2075535;GB;1723610703;1723663527;3600;2643743;London;200
2024-08-13T18:23:02.447697;515.073;-0.1277;803;Clouds;broken clouds;04n;stations;19.4;19.33;18.34;20.1;1011;74;1011;1007;10000;3.6;230;;51;1723591157;2;2075535;GB;1723610703;1723663527;3600;2643743;London;200
2024-08-13T18:24:02.224952;515.073;-0.1277;803;Clouds;broken clouds;04n;stations;19.4;19.33;18.34;20.1;1011;74;1011;1007;10000;3.6;230;;51;1723591157;2;2075535;GB;1723610703;1723663527;3600;2643743;London;200
2024-08-13T18:25:01.966254;515.074;-0.1278;803;Clouds;broken clouds;04n;stations;19.4;19.33;18.34;20.1;1011;74;1011;1007;10000;3.6;230;;51;1723591213;2;2075535;GB;1723610703;1723663527;3600;2643743;London;200
2024-08-13T18:26:02.686075;515.074;-0.1278;803;Clouds;broken clouds;04n;stations;19.4;19.33;18.34;20.1;1011;74;1011;1007;10000;3.6;230;;51;1723591213;2;2075535;GB;1723610703;1723663527;3600;2643743;London;200
2024-08-13T18:27:02.448104;515.073;-0.1277;803;Clouds;broken clouds;04n;stations;19.4;19.33;18.34;20.1;1011;74;1011;1007;10000;3.6;230;;51;1723591157;2;2075535;GB;1723610703;1723663527;3600;2643743;London;200
2024-08-13T18:28:02.155535;515.073;-0.1277;803;Clouds;broken clouds;04n;stations;19.4;19.33;18.34;20.1;1011;74;1011;1007;10000;3.6;230;;51;1723591157;2;2075535;GB;1723610703;1723663527;3600;2643743;London;200
2024-08-13T18:29:01.959120;515.073;-0.1277;803;Clouds;broken clouds;04n;stations;19.4;19.33;18.34;20.1;1011;74;1011;1007;10000;3.6;230;;51;1723591157;2;2075535;GB;1723610703;1723663527;3600;2643743;London;200
2024-08-13T18:30:01.744567;515.074;-0.1278;803;Clouds;broken clouds;04n;stations;19.39;19.34;17.8;19.88;1011;75;1011;1007;10000;3.6;230;;51;1723591796;2;2075535;GB;1723610703;1723663527;3600;2643743;London;200
2024-08-13T18:31:02.552723;515.074;-0.1278;803;Clouds;broken clouds;04n;stations;19.3;19.24;17.8;19.88;1011;75;1011;1007;10000;3.6;230;;59;1723591828;2;2075535;GB;1723610703;1723663527;3600;2643743;London;200
2024-08-13T18:32:02.351253;515.074;-0.1278;803;Clouds;broken clouds;04n;stations;19.3;19.24;17.8;19.88;1011;75;1011;1007;10000;3.6;230;;59;1723591828;2;2075535;GB;1723610703;1723663527;3600;2643743;London;200
2024-08-13T18:33:02.076136;515.074;-0.1278;803;Clouds;broken clouds;04n;stations;19.3;19.24;17.8;19.88;1011;75;1011;1007;10000;3.6;230;;59;1723591828;2;2075535;GB;1723610703;1723663527;3600;2643743;London;200
2024-08-13T18:34:01.815393;515.074;-0.1278;803;Clouds;broken clouds;04n;stations;19.39;19.34;17.8;19.88;1011;75;1011;1007;10000;3.6;230;;51;1723591796;2;2075535;GB;1723610703;1723663527;3600;2643743;London;200
2024-08-13T18:35:02.605803;515.074;-0.1278;803;Clouds;broken clouds;04n;stations;19.39;19.34;17.8;19.88;1011;75;1011;1007;10000;3.6;230;;51;1723591796;2;2075535;GB;1723610703;1723663527;3600;2643743;London;200
2024-08-13T18:36:02.443250;515.074;-0.1278;803;Clouds;broken clouds;04n;stations;19.39;19.34;17.8;19.88;1011;75;1011;1007;10000;3.6;230;;51;1723591796;2;2075535;GB;1723610703;1723663527;3600;2643743;London;200
2024-08-13T18:37:02.214265;515.074;-0.1278;803;Clouds;broken clouds;04n;stations;19.39;19.34;17.8;19.88;1011;75;1011;1007;10000;3.6;230;;51;1723591796;2;2075535;GB;1723610703;1723663527;3600;2643743;London;200
2024-08-13T18:38:01.991554;515.074;-0.1278;803;Clouds;broken clouds;04n;stations;19.39;19.34;17.8;19.88;1011;75;1011;1007;10000;3.6;230;;51;1723591796;2;2075535;GB;1723610703;1723663527;3600;2643743;London;200
2024-08-13T18:39:01.753131;515.074;-0.1278;803;Clouds;broken clouds;04n;stations;19.39;19.34;17.8;19.88;1011;75;1011;1007;10000;3.6;230;;51;1723591796;2;2075535;GB;1723610703;1723663527;3600;2643743;London;200
2024-08-13T18:40:02.527156;515.074;-0.1278;803;Clouds;broken clouds;04n;stations;19.29;19.23;17.24;19.88;1011;75;1011;1007;10000;3.6;250;;59;1723592405;2;2075535;GB;1723610703;1723663527;3600;2643743;London;200
2024-08-13T18:41:02.263580;515.074;-0.1278;803;Clouds;broken clouds;04n;stations;19.29;19.23;17.24;19.88;1011;75;1011;1007;10000;3.6;250;;59;1723592405;2;2075535;GB;1723610703;1723663527;3600;2643743;London;200
2024-08-13T18:42:02.019558;515.074;-0.1278;803;Clouds;broken clouds;04n;stations;19.29;19.23;17.24;19.88;1011;75;1011;1007;10000;3.6;250;;59;1723592524;2;2075535;GB;1723610703;1723663527;3600;2643743;London;200
2024-08-13T18:43:01.793281;515.074;-0.1278;803;Clouds;broken clouds;04n;stations;19.29;19.23;17.24;19.88;1011;75;1011;1007;10000;3.6;250;;59;1723592524;2;2075535;GB;1723610703;1723663527;3600;2643743;London;200
2024-08-13T18:44:02.635160;515.074;-0.1278;803;Clouds;broken clouds;04n;stations;19.29;19.23;17.24;19.88;1011;75;1011;1007;10000;3.6;250;;59;1723592524;2;2075535;GB;1723610703;1723663527;3600;2643743;London;200
2024-08-13T18:45:02.519004;515.074;-0.1278;803;Clouds;broken clouds;04n;stations;19.29;19.23;17.24;19.88;1011;75;1011;1007;10000;3.6;250;;59;1723592524;2;2075535;GB;1723610703;1723663527;3600;2643743;London;200
2024-08-13T18:46:02.280628;515.074;-0.1278;803;Clouds;broken clouds;04n;stations;19.29;19.23;17.24;19.88;1011;75;1011;1007;10000;3.6;250;;59;1723592524;2;2075535;GB;1723610703;1723663527;3600;2643743;London;200
2024-08-13T18:47:02.008186;515.074;-0.1278;803;Clouds;broken clouds;04n;stations;19.29;19.23;17.24;19.88;1011;75;1011;1007;10000;3.6;250;;59;1723592524;2;2075535;GB;1723610703;1723663527;3600;2643743;London;200
2024-08-13T18:48:01.739128;515.074;-0.1278;803;Clouds;broken clouds;04n;stations;19.29;19.23;17.24;19.88;1011;75;1011;1007;10000;3.6;250;;59;1723592524;2;2075535;GB;1723610703;1723663527;3600;2643743;London;200
2024-08-13T18:49:02.538239;515.074;-0.1278;803;Clouds;broken clouds;04n;stations;19.29;19.23;17.24;19.88;1011;75;1011;1007;10000;3.6;250;;59;1723592524;2;2075535;GB;1723610703;1723663527;3600;2643743;London;200
2024-08-13T18:50:02.287993;515.074;-0.1278;803;Clouds;broken clouds;04n;stations;19.29;19.23;17.24;19.88;1011;75;1011;1007;10000;3.6;250;;59;1723592524;2;2075535;GB;1723610703;1723663527;3600;2643743;London;200
2024-08-13T18:51:01.998218;515.074;-0.1278;803;Clouds;broken clouds;04n;stations;19.29;19.23;17.24;19.88;1011;75;1011;1007;10000;3.6;250;;59;1723592524;2;2075535;GB;1723610703;1723663527;3600;2643743;London;200
2024-08-13T18:52:01.795405;515.074;-0.1278;803;Clouds;broken clouds;04n;stations;19.29;19.23;17.24;19.88;1011;75;1011;1007;10000;3.6;250;;59;1723592524;2;2075535;GB;1723610703;1723663527;3600;2643743;London;200
2024-08-13T18:53:02.519712;515.074;-0.1278;803;Clouds;broken clouds;04n;stations;19.04;18.96;17.24;19.88;1011;75;1011;1007;10000;3.6;250;;59;1723593148;2;2075535;GB;1723610703;1723663527;3600;2643743;London;200
2024-08-13T18:54:02.323977;515.074;-0.1278;803;Clouds;broken clouds;04n;stations;19.04;18.96;17.24;19.88;1011;75;1011;1007;10000;3.6;250;;59;1723593148;2;2075535;GB;1723610703;1723663527;3600;2643743;London;200
2024-08-13T18:55:02.051060;515.074;-0.1278;803;Clouds;broken clouds;04n;stations;19.04;18.96;17.24;19.88;1011;75;1011;1007;10000;3.6;250;;59;1723593148;2;2075535;GB;1723610703;1723663527;3600;2643743;London;200
2024-08-13T18:56:01.988629;515.072;-0.1276;803;Clouds;broken clouds;04n;stations;19.13;19.06;17.24;19.88;1011;75;1011;1007;10000;3.6;250;;59;1723593128;2;2075535;GB;1723610703;1723663527;3600;2643743;London;200
2024-08-13T18:57:01.722949;515.074;-0.1278;803;Clouds;broken clouds;04n;stations;19.04;18.96;17.24;19.88;1011;75;1011;1007;10000;3.6;250;;59;1723593148;2;2075535;GB;1723610703;1723663527;3600;2643743;London;200
2024-08-13T18:58:02.466388;515.074;-0.1278;803;Clouds;broken clouds;04n;stations;19.04;18.96;17.24;19.88;1011;75;1011;1007;10000;3.6;250;;59;1723593148;2;2075535;GB;1723610703;1723663527;3600;2643743;London;200
2024-08-13T18:59:02.259498;515.074;-0.1278;803;Clouds;broken clouds;04n;stations;19.04;18.96;17.24;19.88;1011;75;1011;1007;10000;3.6;250;;59;1723593148;2;2075535;GB;1723610703;1723663527;3600;2643743;London;200
2024-08-13T19:00:01.978034;515.074;-0.1278;803;Clouds;broken clouds;04n;stations;19.04;18.96;17.24;19.88;1011;75;1011;1007;10000;3.6;250;;59;1723593148;2;2075535;GB;1723610703;1723663527;3600;2643743;London;200
2024-08-13T19:01:01.800466;515.074;-0.1278;803;Clouds;broken clouds;04n;stations;19.04;18.96;17.24;19.88;1011;75;1011;1007;10000;3.6;250;;59;1723593148;2;2075535;GB;1723610703;1723663527;3600;2643743;London;200
2024-08-13T19:02:02.528406;515.074;-0.1278;803;Clouds;broken clouds;04n;stations;19.04;18.96;17.24;19.88;1011;75;1011;1007;10000;3.6;250;;59;1723593148;2;2075535;GB;1723610703;1723663527;3600;2643743;London;200
2024-08-13T19:03:02.334806;515.074;-0.1278;803;Clouds;broken clouds;04n;stations;18.77;18.69;16.69;19.36;1011;76;1011;1007;10000;4.12;240;;59;1723593785;2;2075535;GB;1723610703;1723663527;3600;2643743;London;200
2024-08-13T19:04:02.115246;515.074;-0.1278;803;Clouds;broken clouds;04n;stations;18.77;18.69;16.69;19.36;1011;76;1011;1007;10000;4.12;240;;59;1723593785;2;2075535;GB;1723610703;1723663527;3600;2643743;London;200
2024-08-13T19:05:02.041711;515.074;-0.1278;803;Clouds;broken clouds;04n;stations;18.77;18.69;16.69;19.36;1011;76;1011;1007;10000;4.12;240;;59;1723593785;2;2075535;GB;1723610703;1723663527;3600;2643743;London;200
2024-08-13T19:06:01.772757;515.074;-0.1278;803;Clouds;broken clouds;04n;stations;18.77;18.69;16.69;19.36;1011;76;1011;1007;10000;4.12;240;;59;1723593785;2;2075535;GB;1723610703;1723663527;3600;2643743;London;200
2024-08-13T19:07:02.584281;515.074;-0.1278;803;Clouds;broken clouds;04n;stations;18.77;18.69;16.69;19.36;1011;76;1011;1007;10000;4.12;240;;59;1723593785;2;2075535;GB;1723610703;1723663527;3600;2643743;London;200
2024-08-13T19:08:02.340351;515.074;-0.1278;803;Clouds;broken clouds;04n;stations;18.77;18.69;16.69;19.36;1011;76;1011;1007;10000;4.12;240;;59;1723593785;2;2075535;GB;1723610703;1723663527;3600;2643743;London;200
2024-08-13T19:09:02.139741;515.074;-0.1278;803;Clouds;broken clouds;04n;stations;18.77;18.69;16.69;19.36;1011;76;1011;1007;10000;4.12;240;;59;1723593785;2;2075535;GB;1723610703;1723663527;3600;2643743;London;200
2024-08-13T19:10:01.937047;515.074;-0.1278;803;Clouds;broken clouds;04n;stations;18.77;18.69;16.69;19.36;1011;76;1011;1007;10000;4.12;240;;59;1723593785;2;2075535;GB;1723610703;1723663527;3600;2643743;London;200
2024-08-13T19:11:02.723478;515.074;-0.1278;803;Clouds;broken clouds;04n;stations;18.77;18.69;16.69;19.36;1011;76;1011;1007;10000;4.12;240;;59;1723593785;2;2075535;GB;1723610703;1723663527;3600;2643743;London;200
2024-08-13T19:46:02.244073,51.5072,-0.1276,804,Clouds,overcast clouds,04n,stations,18.26,18.18,16.97,18.88,1012,78,1012,1007,10000,3.09,250,,100,1723596071,2,2075535,GB,1723610703,1723663527,3600,2643743,London,200;;;;;;;;;;;;;;;;;;;;;;;;;;;;;;
2024-08-13T19:52:01.838107,51.5084,-0.1254,804,Clouds,overcast clouds,04n,stations,18.21,18.12,16.95,18.86,1012,78,1012,1007,10000,3.09,250,,100,1723596572,2,2075535,GB,1723610702,1723663526,3600,2643743,London,200
2024-08-13T19:53:02.751267,51.5084,-0.1254,804,Clouds,overcast clouds,04n,stations,18.21,18.12,16.95,18.86,1012,78,1012,1007,10000,3.09,250,,100,1723596572,2,2075535,GB,1723610702,1723663526,3600,2643743,London,200
2024-08-13T19:54:02.533498,51.5072,-0.1276,804,Clouds,overcast clouds,04n,stations,18.26,18.18,16.97,18.88,1012,78,1012,1007,10000,3.09,250,,100,1723596071,2,2075535,GB,1723610703,1723663527,3600,2643743,London,200
2024-08-13T19:55:02.276436,51.5084,-0.1254,804,Clouds,overcast clouds,04n,stations,18.21,18.12,16.95,18.86,1012,78,1012,1007,10000,3.09,250,,100,1723596572,2,2075535,GB,1723610702,1723663526,3600,2643743,London,200
2024-08-13T19:56:02.008770,51.5074,-0.1278,804,Clouds,overcast clouds,04n,stations,18.25,18.17,16.97,18.88,1012,78,1012,1007,10000,3.09,250,,100,1723596964,2,2075535,GB,1723610703,1723663527,3600,2643743,London,200
2024-08-13T19:57:01.740284,51.5074,-0.1278,804,Clouds,overcast clouds,04n,stations,18.25,18.17,16.97,18.88,1012,78,1012,1007,10000,3.09,250,,100,1723596964,2,2075535,GB,1723610703,1723663527,3600,2643743,London,200
2024-08-13T19:58:02.496155,51.5074,-0.1278,804,Clouds,overcast clouds,04n,stations,18.25,18.17,16.97,18.88,1012,78,1012,1007,10000,3.09,250,,100,1723596964,2,2075535,GB,1723610703,1723663527,3600,2643743,London,200
2024-08-13T19:59:02.288979,51.5084,-0.1254,804,Clouds,overcast clouds,04n,stations,18.21,18.12,16.95,18.86,1012,78,1012,1007,10000,3.09,250,,100,1723596572,2,2075535,GB,1723610702,1723663526,3600,2643743,London,200
2024-08-13T20:00:02.085731,51.5074,-0.1278,804,Clouds,overcast clouds,04n,stations,18.25,18.17,16.97,18.88,1012,78,1012,1007,10000,3.09,250,,100,1723596964,2,2075535,GB,1723610703,1723663527,3600,2643743,London,200
2024-08-13T20:01:01.835978,51.5074,-0.1278,804,Clouds,overcast clouds,04n,stations,18.25,18.17,16.97,18.88,1012,78,1012,1007,10000,3.09,250,,100,1723596964,2,2075535,GB,1723610703,1723663527,3600,2643743,London,200
2024-08-13T20:02:02.586713,51.5074,-0.1278,804,Clouds,overcast clouds,04n,stations,18.25,18.17,16.97,18.88,1012,78,1012,1007,10000,3.09,250,,100,1723596964,2,2075535,GB,1723610703,1723663527,3600,2643743,London,200
2024-08-13T20:03:02.348246,51.5074,-0.1278,804,Clouds,overcast clouds,04n,stations,18.25,18.17,16.97,18.88,1012,78,1012,1007,10000,3.09,250,,100,1723596964,2,2075535,GB,1723610703,1723663527,3600,2643743,London,200
2024-08-13T20:04:02.084738,51.5074,-0.1278,804,Clouds,overcast clouds,04n,stations,18.25,18.17,16.97,18.88,1012,78,1012,1007,10000,3.09,250,,100,1723596964,2,2075535,GB,1723610703,1723663527,3600,2643743,London,200
2024-08-13T20:05:01.829052,51.5074,-0.1278,804,Clouds,overcast clouds,04n,stations,18.25,18.17,16.97,18.88,1012,78,1012,1007,10000,3.09,250,,100,1723596964,2,2075535,GB,1723610703,1723663527,3600,2643743,London,200
2024-08-13T20:06:02.576369,51.5074,-0.1278,804,Clouds,overcast clouds,04n,stations,18.25,18.17,16.97,18.88,1012,78,1012,1007,10000,3.09,250,,100,1723596964,2,2075535,GB,1723610703,1723663527,3600,2643743,London,200
2024-08-13T20:07:02.335127,51.5074,-0.1278,804,Clouds,overcast clouds,04n,stations,18.25,18.17,16.97,18.88,1012,78,1012,1007,10000,3.09,250,,100,1723596964,2,2075535,GB,1723610703,1723663527,3600,2643743,London,200
2024-08-13T20:08:02.085299,51.5074,-0.1278,804,Clouds,overcast clouds,04n,stations,18.25,18.17,16.97,18.88,1012,78,1012,1007,10000,3.09,250,,100,1723596964,2,2075535,GB,1723610703,1723663527,3600,2643743,London,200
2024-08-13T20:09:01.839774,51.5074,-0.1278,804,Clouds,overcast clouds,04n,stations,18.25,18.17,16.97,18.88,1012,78,1012,1007,10000,3.09,250,,100,1723596964,2,2075535,GB,1723610703,1723663527,3600,2643743,London,200
2024-08-13T20:10:02.694570,51.5074,-0.1278,804,Clouds,overcast clouds,04n,stations,18.25,18.19,16.97,18.88,1012,79,1012,1007,10000,3.09,240,,100,1723597632,2,2075535,GB,1723610703,1723663527,3600,2643743,London,200
2024-08-13T20:11:02.462208,51.5074,-0.1278,804,Clouds,overcast clouds,04n,stations,18.25,18.19,16.97,18.88,1012,79,1012,1007,10000,3.09,240,,100,1723597632,2,2075535,GB,1723610703,1723663527,3600,2643743,London,200
2024-08-13T20:12:02.184424,51.5074,-0.1278,804,Clouds,overcast clouds,04n,stations,18.25,18.19,16.97,18.88,1012,79,1012,1007,10000,3.09,240,,100,1723597632,2,2075535,GB,1723610703,1723663527,3600,2643743,London,200
2024-08-13T20:13:02.010385,51.5074,-0.1278,804,Clouds,overcast clouds,04n,stations,18.25,18.19,16.97,18.88,1012,79,1012,1007,10000,3.09,240,,100,1723597632,2,2075535,GB,1723610703,1723663527,3600,2643743,London,200
2024-08-13T20:14:01.766535,51.5074,-0.1278,804,Clouds,overcast clouds,04n,stations,18.25,18.19,16.97,18.88,1012,79,1012,1007,10000,3.09,240,,100,1723597632,2,2075535,GB,1723610703,1723663527,3600,2643743,London,200
2024-08-13T20:15:02.531093,51.5074,-0.1278,804,Clouds,overcast clouds,04n,stations,18.25,18.19,16.97,18.88,1012,79,1012,1007,10000,3.09,240,,100,1723597632,2,2075535,GB,1723610703,1723663527,3600,2643743,London,200
2024-08-13T20:16:02.277132,51.5074,-0.1278,804,Clouds,overcast clouds,04n,stations,18.25,18.19,16.97,18.88,1012,79,1012,1007,10000,3.09,240,,100,1723597632,2,2075535,GB,1723610703,1723663527,3600,2643743,London,200
2024-08-13T20:17:02.124872,51.5074,-0.1278,804,Clouds,overcast clouds,04n,stations,18.25,18.19,16.97,18.88,1012,79,1012,1007,10000,3.09,240,,100,1723597632,2,2075535,GB,1723610703,1723663527,3600,2643743,London,200
2024-08-13T20:18:01.867407,51.5074,-0.1278,804,Clouds,overcast clouds,04n,stations,18.25,18.19,16.97,18.88,1012,79,1012,1007,10000,3.09,240,,100,1723597632,2,2075535,GB,1723610703,1723663527,3600,2643743,London,200
2024-08-13T20:19:02.621707,51.5074,-0.1278,804,Clouds,overcast clouds,04n,stations,18.25,18.19,16.97,18.88,1012,79,1012,1007,10000,3.09,240,,100,1723597632,2,2075535,GB,1723610703,1723663527,3600,2643743,London,200
2024-08-13T20:20:02.369915,51.5073,-0.1276,804,Clouds,overcast clouds,04n,stations,18.25,18.19,16.97,18.88,1012,79,1012,1007,10000,3.09,240,,100,1723598360,2,2075535,GB,1723610703,1723663527,3600,2643743,London,200
2024-08-13T20:21:02.087156,51.5073,-0.1276,804,Clouds,overcast clouds,04n,stations,18.25,18.19,16.97,18.88,1012,79,1012,1007,10000,3.09,240,,100,1723598360,2,2075535,GB,1723610703,1723663527,3600,2643743,London,200
2024-08-13T20:22:01.819441,51.5073,-0.1276,804,Clouds,overcast clouds,04n,stations,18.25,18.19,16.97,18.88,1012,79,1012,1007,10000,3.09,240,,100,1723598360,2,2075535,GB,1723610703,1723663527,3600,2643743,London,200
2024-08-13T20:23:02.568277,51.5073,-0.1276,804,Clouds,overcast clouds,04n,stations,18.25,18.19,16.97,18.88,1012,79,1012,1007,10000,3.09,240,,100,1723598360,2,2075535,GB,1723610703,1723663527,3600,2643743,London,200
2024-08-13T20:24:02.314022,51.5073,-0.1276,804,Clouds,overcast clouds,04n,stations,18.25,18.19,16.97,18.88,1012,79,1012,1007,10000,3.09,240,,100,1723598360,2,2075535,GB,1723610703,1723663527,3600,2643743,London,200
2024-08-13T20:25:02.047928,51.5073,-0.1276,804,Clouds,overcast clouds,04n,stations,18.25,18.19,16.97,18.88,1012,79,1012,1007,10000,3.09,240,,100,1723598360,2,2075535,GB,1723610703,1723663527,3600,2643743,London,200
2024-08-13T20:26:01.776528,51.5073,-0.1276,804,Clouds,overcast clouds,04n,stations,18.25,18.19,16.97,18.88,1012,79,1012,1007,10000,3.09,240,,100,1723598360,2,2075535,GB,1723610703,1723663527,3600,2643743,London,200
2024-08-13T20:27:02.531641,51.5077,-0.128,804,Clouds,overcast clouds,04n,stations,18.19,18.13,16.72,18.88,1012,79,1012,1007,10000,3.09,240,,100,1723598612,2,2075535,GB,1723610703,1723663527,3600,2643743,London,200
2024-08-13T20:28:02.305519,51.5073,-0.1276,804,Clouds,overcast clouds,04n,stations,18.25,18.19,16.97,18.88,1012,79,1012,1007,10000,3.09,240,,100,1723598360,2,2075535,GB,1723610703,1723663527,3600,2643743,London,200
2024-08-13T20:29:02.050239,51.5073,-0.1276,804,Clouds,overcast clouds,04n,stations,18.25,18.19,16.97,18.88,1012,79,1012,1007,10000,3.09,240,,100,1723598360,2,2075535,GB,1723610703,1723663527,3600,2643743,London,200
2024-08-13T20:30:01.778081,51.5074,-0.1278,804,Clouds,overcast clouds,04n,stations,18.19,18.13,16.72,18.88,1012,79,1012,1007,10000,3.09,240,,100,1723598902,2,2075535,GB,1723610703,1723663527,3600,2643743,London,200
2024-08-13T20:31:02.556729,51.5074,-0.1278,804,Clouds,overcast clouds,04n,stations,18.19,18.13,16.72,18.88,1012,79,1012,1007,10000,3.09,240,,100,1723598902,2,2075535,GB,1723610703,1723663527,3600,2643743,London,200
2024-08-13T20:32:02.335400,51.5074,-0.1278,804,Clouds,overcast clouds,04n,stations,18.19,18.13,16.72,18.88,1012,79,1012,1007,10000,3.09,240,,100,1723598902,2,2075535,GB,1723610703,1723663527,3600,2643743,London,200
2024-08-13T20:33:02.066881,51.5077,-0.128,804,Clouds,overcast clouds,04n,stations,18.19,18.13,16.72,18.88,1012,79,1012,1007,10000,3.09,240,,100,1723598612,2,2075535,GB,1723610703,1723663527,3600,2643743,London,200
2024-08-13T20:34:01.863932,51.5074,-0.1278,804,Clouds,overcast clouds,04n,stations,18.23,18.17,16.72,18.88,1012,79,1012,1007,10000,2.06,240,,99,1723599244,2,2075535,GB,1723610703,1723663527,3600,2643743,London,200
2024-08-13T20:35:02.794447,51.5074,-0.1278,804,Clouds,overcast clouds,04n,stations,18.23,18.17,16.72,18.88,1012,79,1012,1007,10000,2.06,240,,99,1723599244,2,2075535,GB,1723610703,1723663527,3600,2643743,London,200
2024-08-13T20:36:02.599448,51.5074,-0.1278,804,Clouds,overcast clouds,04n,stations,18.23,18.17,16.72,18.88,1012,79,1012,1007,10000,2.06,240,,99,1723599244,2,2075535,GB,1723610703,1723663527,3600,2643743,London,200
2024-08-13T20:37:02.495677,51.5074,-0.1278,804,Clouds,overcast clouds,04n,stations,18.19,18.13,16.72,18.88,1012,79,1012,1007,10000,3.09,240,,100,1723598902,2,2075535,GB,1723610703,1723663527,3600,2643743,London,200
2024-08-13T20:38:02.257902,51.5074,-0.1278,804,Clouds,overcast clouds,04n,stations,18.19,18.13,16.72,18.88,1012,79,1012,1007,10000,3.09,240,,100,1723598902,2,2075535,GB,1723610703,1723663527,3600,2643743,London,200
2024-08-13T20:39:02.056898,51.5074,-0.1278,804,Clouds,overcast clouds,04n,stations,18.19,18.13,16.72,18.88,1012,79,1012,1007,10000,3.09,240,,100,1723598902,2,2075535,GB,1723610703,1723663527,3600,2643743,London,200
2024-08-13T20:40:01.872228,51.5074,-0.1278,804,Clouds,overcast clouds,04n,stations,18.24,18.21,16.72,18.88,1012,80,1012,1007,10000,2.06,240,,99,1723599604,2,2075535,GB,1723610703,1723663527,3600,2643743,London,200
2024-08-13T20:41:02.673758,51.5074,-0.1278,804,Clouds,overcast clouds,04n,stations,18.24,18.21,16.72,18.88,1012,80,1012,1007,10000,2.06,240,,99,1723599604,2,2075535,GB,1723610703,1723663527,3600,2643743,London,200
2024-08-13T20:42:02.441554,51.5074,-0.1278,804,Clouds,overcast clouds,04n,stations,18.24,18.21,16.72,18.88,1012,80,1012,1007,10000,2.06,240,,99,1723599604,2,2075535,GB,1723610703,1723663527,3600,2643743,London,200
2024-08-13T20:43:02.243391,51.5074,-0.1278,804,Clouds,overcast clouds,04n,stations,18.23,18.17,16.72,18.88,1012,79,1012,1007,10000,2.06,240,,99,1723599244,2,2075535,GB,1723610703,1723663527,3600,2643743,London,200
2024-08-13T20:44:01.979100,51.5074,-0.1278,804,Clouds,overcast clouds,04n,stations,18.23,18.17,16.72,18.88,1012,79,1012,1007,10000,2.06,240,,99,1723599244,2,2075535,GB,1723610703,1723663527,3600,2643743,London,200
2024-08-13T20:45:01.746421,51.5074,-0.1278,804,Clouds,overcast clouds,04n,stations,18.24,18.21,16.72,18.88,1012,80,1012,1007,10000,2.06,240,,99,1723599604,2,2075535,GB,1723610703,1723663527,3600,2643743,London,200
2024-08-13T20:46:02.513722,51.5074,-0.1278,804,Clouds,overcast clouds,04n,stations,18.24,18.21,16.72,18.88,1012,80,1012,1007,10000,2.06,240,,99,1723599604,2,2075535,GB,1723610703,1723663527,3600,2643743,London,200
2024-08-13T20:47:02.287976,51.5074,-0.1278,804,Clouds,overcast clouds,04n,stations,18.24,18.21,16.72,18.88,1012,80,1012,1007,10000,2.06,240,,99,1723599604,2,2075535,GB,1723610703,1723663527,3600,2643743,London,200
2024-08-13T20:48:02.020242,51.5074,-0.1278,804,Clouds,overcast clouds,04n,stations,18.24,18.21,16.72,18.88,1012,80,1012,1007,10000,2.06,240,,99,1723599604,2,2075535,GB,1723610703,1723663527,3600,2643743,London,200
2024-08-13T20:49:01.764719,51.5074,-0.1278,804,Clouds,overcast clouds,04n,stations,18.24,18.21,16.72,18.88,1012,80,1012,1007,10000,2.06,240,,99,1723599604,2,2075535,GB,1723610703,1723663527,3600,2643743,London,200
2024-08-13T20:50:02.557680,51.5074,-0.1278,804,Clouds,overcast clouds,04n,stations,18.35,18.33,16.72,18.88,1012,80,1012,1007,10000,2.06,240,,99,1723600030,2,2075535,GB,1723610703,1723663527,3600,2643743,London,200
2024-08-13T20:51:02.352655,51.5074,-0.1278,804,Clouds,overcast clouds,04n,stations,18.35,18.33,16.72,18.88,1012,80,1012,1007,10000,2.06,240,,99,1723600030,2,2075535,GB,1723610703,1723663527,3600,2643743,London,200
2024-08-13T20:52:02.122605,51.5074,-0.1278,804,Clouds,overcast clouds,04n,stations,18.35,18.33,16.72,18.88,1012,80,1012,1007,10000,2.06,240,,99,1723600030,2,2075535,GB,1723610703,1723663527,3600,2643743,London,200
2024-08-13T20:53:02.081006,51.5074,-0.1278,804,Clouds,overcast clouds,04n,stations,18.35,18.33,16.72,18.88,1012,80,1012,1007,10000,2.06,240,,99,1723600030,2,2075535,GB,1723610703,1723663527,3600,2643743,London,200
2024-08-13T20:54:01.828412,51.5074,-0.1278,804,Clouds,overcast clouds,04n,stations,18.35,18.33,16.72,18.88,1012,80,1012,1007,10000,2.06,240,,99,1723600030,2,2075535,GB,1723610703,1723663527,3600,2643743,London,200
2024-08-13T20:55:02.580973,51.5074,-0.1278,804,Clouds,overcast clouds,04n,stations,18.35,18.33,16.72,18.88,1012,80,1012,1007,10000,2.06,240,,99,1723600030,2,2075535,GB,1723610703,1723663527,3600,2643743,London,200
2024-08-13T20:56:02.363486,51.5074,-0.1278,804,Clouds,overcast clouds,04n,stations,18.35,18.33,16.72,18.88,1012,80,1012,1007,10000,2.06,240,,99,1723600030,2,2075535,GB,1723610703,1723663527,3600,2643743,London,200
2024-08-13T20:57:02.123896,51.5074,-0.1278,804,Clouds,overcast clouds,04n,stations,18.35,18.33,16.72,18.88,1012,80,1012,1007,10000,2.06,240,,99,1723600030,2,2075535,GB,1723610703,1723663527,3600,2643743,London,200
2024-08-13T20:58:01.868407,51.5074,-0.1278,804,Clouds,overcast clouds,04n,stations,18.35,18.33,16.72,18.88,1012,80,1012,1007,10000,2.06,240,,99,1723600030,2,2075535,GB,1723610703,1723663527,3600,2643743,London,200
2024-08-13T20:59:02.783215,51.5074,-0.1278,804,Clouds,overcast clouds,04n,stations,18.35,18.33,16.72,18.88,1012,80,1012,1007,10000,2.06,240,,99,1723600030,2,2075535,GB,1723610703,1723663527,3600,2643743,London,200
2024-08-13T21:00:02.676238,51.5073,-0.1276,804,Clouds,overcast clouds,04n,stations,18.56,18.56,17.32,18.96,1012,80,1012,1007,10000,2.06,240,,99,1723600520,2,2075535,GB,1723610703,1723663527,3600,2643743,London,200
2024-08-13T21:01:02.545693,51.5073,-0.1276,804,Clouds,overcast clouds,04n,stations,18.56,18.56,17.32,18.96,1012,80,1012,1007,10000,2.06,240,,99,1723600520,2,2075535,GB,1723610703,1723663527,3600,2643743,London,200
2024-08-13T21:02:02.295783,51.5073,-0.1276,804,Clouds,overcast clouds,04n,stations,18.56,18.56,17.32,18.96,1012,80,1012,1007,10000,2.06,240,,99,1723600520,2,2075535,GB,1723610703,1723663527,3600,2643743,London,200
2024-08-13T21:03:02.100321,51.5073,-0.1276,804,Clouds,overcast clouds,04n,stations,18.56,18.56,17.32,18.96,1012,80,1012,1007,10000,2.06,240,,99,1723600520,2,2075535,GB,1723610703,1723663527,3600,2643743,London,200
2024-08-13T21:04:01.864681,51.5072,-0.1276,804,Clouds,overcast clouds,04n,stations,18.54,18.54,16.72,18.96,1012,80,1012,1007,10000,2.06,240,,99,1723600669,2,2075535,GB,1723610703,1723663527,3600,2643743,London,200
2024-08-13T21:05:02.642522,51.5072,-0.1276,804,Clouds,overcast clouds,04n,stations,18.54,18.54,16.72,18.96,1012,80,1012,1007,10000,2.06,240,,99,1723600669,2,2075535,GB,1723610703,1723663527,3600,2643743,London,200
2024-08-13T21:06:02.392027,51.5072,-0.1276,804,Clouds,overcast clouds,04n,stations,18.54,18.54,16.72,18.96,1012,80,1012,1007,10000,2.06,240,,99,1723600669,2,2075535,GB,1723610703,1723663527,3600,2643743,London,200
2024-08-13T21:07:02.206843,51.5072,-0.1276,804,Clouds,overcast clouds,04n,stations,18.54,18.54,16.72,18.96,1012,80,1012,1007,10000,2.06,240,,99,1723600669,2,2075535,GB,1723610703,1723663527,3600,2643743,London,200
2024-08-13T21:08:01.964974,51.5072,-0.1276,804,Clouds,overcast clouds,04n,stations,18.54,18.54,16.72,18.96,1012,80,1012,1007,10000,2.06,240,,99,1723600669,2,2075535,GB,1723610703,1723663527,3600,2643743,London,200
2024-08-13T21:09:01.828440,51.5072,-0.1276,804,Clouds,overcast clouds,04n,stations,18.54,18.54,16.72,18.96,1012,80,1012,1007,10000,2.06,240,,99,1723600669,2,2075535,GB,1723610703,1723663527,3600,2643743,London,200
2024-08-13T21:10:02.620497,51.5072,-0.1276,804,Clouds,overcast clouds,04n,stations,18.54,18.54,16.72,18.96,1012,80,1012,1007,10000,2.06,240,,99,1723600669,2,2075535,GB,1723610703,1723663527,3600,2643743,London,200
2024-08-13T21:11:02.454910,51.5074,-0.1278,801,Clouds,few clouds,02n,stations,18.55,18.55,17.27,18.96,1012,80,1012,1007,10000,2.06,210,,20,1723601464,2,2075535,GB,1723610703,1723663527,3600,2643743,London,200
2024-08-13T21:12:02.262565,51.5073,-0.1276,804,Clouds,overcast clouds,04n,stations,18.55,18.55,17.32,18.96,1012,80,1012,1007,10000,2.06,240,,99,1723600902,2,2075535,GB,1723610703,1723663527,3600,2643743,London,200
2024-08-13T21:13:02.153978,51.5073,-0.1276,804,Clouds,overcast clouds,04n,stations,18.55,18.55,17.32,18.96,1012,80,1012,1007,10000,2.06,240,,99,1723600902,2,2075535,GB,1723610703,1723663527,3600,2643743,London,200
2024-08-13T21:14:01.994665,51.5074,-0.1278,801,Clouds,few clouds,02n,stations,18.55,18.55,17.27,18.96,1012,80,1012,1007,10000,2.06,210,,20,1723601464,2,2075535,GB,1723610703,1723663527,3600,2643743,London,200
2024-08-13T21:15:01.787096,51.5074,-0.1278,801,Clouds,few clouds,02n,stations,18.55,18.55,17.27,18.96,1012,80,1012,1007,10000,2.06,210,,20,1723601464,2,2075535,GB,1723610703,1723663527,3600,2643743,London,200
2024-08-13T21:16:02.560353,51.5074,-0.1278,801,Clouds,few clouds,02n,stations,18.55,18.55,17.27,18.96,1012,80,1012,1007,10000,2.06,210,,20,1723601464,2,2075535,GB,1723610703,1723663527,3600,2643743,London,200
2024-08-13T21:17:02.437819,51.5074,-0.1278,801,Clouds,few clouds,02n,stations,18.55,18.55,17.27,18.96,1012,80,1012,1007,10000,2.06,210,,20,1723601464,2,2075535,GB,1723610703,1723663527,3600,2643743,London,200
2024-08-13T21:18:02.182608,51.5147,-0.1341,801,Clouds,few clouds,02n,stations,18.52,18.52,17.18,18.87,1012,80,1012,1008,10000,2.06,210,,20,1723601743,2,2075535,GB,1723610703,1723663530,3600,2643743,London,200
2024-08-13T21:19:01.926231,51.5147,-0.1341,801,Clouds,few clouds,02n,stations,18.52,18.52,17.18,18.87,1012,80,1012,1008,10000,2.06,210,,20,1723601743,2,2075535,GB,1723610703,1723663530,3600,2643743,London,200
2024-08-13T21:20:02.798751,51.5147,-0.1341,801,Clouds,few clouds,02n,stations,18.52,18.52,17.18,18.87,1012,80,1012,1008,10000,2.06,210,,20,1723601743,2,2075535,GB,1723610703,1723663530,3600,2643743,London,200
2024-08-13T21:21:02.610181,51.5147,-0.1341,801,Clouds,few clouds,02n,stations,18.52,18.52,17.18,18.87,1012,80,1012,1008,10000,2.06,210,,20,1723601743,2,2075535,GB,1723610703,1723663530,3600,2643743,London,200
2024-08-13T21:22:02.401865,51.5147,-0.1341,801,Clouds,few clouds,02n,stations,18.52,18.52,17.18,18.87,1012,80,1012,1008,10000,2.06,210,,20,1723601743,2,2075535,GB,1723610703,1723663530,3600,2643743,London,200
2024-08-13T21:23:02.160066,51.5147,-0.1341,801,Clouds,few clouds,02n,stations,18.52,18.52,17.18,18.87,1012,80,1012,1008,10000,2.06,210,,20,1723601743,2,2075535,GB,1723610703,1723663530,3600,2643743,London,200
2024-08-13T21:24:01.915903,51.5147,-0.1341,801,Clouds,few clouds,02n,stations,18.52,18.52,17.18,18.87,1012,80,1012,1008,10000,2.06,210,,20,1723601743,2,2075535,GB,1723610703,1723663530,3600,2643743,London,200
2024-08-13T21:25:02.713225,51.5074,-0.1278,801,Clouds,few clouds,02n,stations,18.56,18.56,17.27,18.96,1012,80,1012,1007,10000,2.06,210,,20,1723602165,2,2075535,GB,1723610703,1723663527,3600,2643743,London,200
2024-08-13T21:26:02.487821,51.5074,-0.1278,801,Clouds,few clouds,02n,stations,18.56,18.56,17.27,18.96,1012,80,1012,1007,10000,2.06,210,,20,1723602165,2,2075535,GB,1723610703,1723663527,3600,2643743,London,200
2024-08-13T21:27:02.291842,51.5074,-0.1278,801,Clouds,few clouds,02n,stations,18.56,18.56,17.27,18.96,1012,80,1012,1007,10000,2.06,210,,20,1723602165,2,2075535,GB,1723610703,1723663527,3600,2643743,London,200
2024-08-13T21:28:02.050864,51.5074,-0.1278,801,Clouds,few clouds,02n,stations,18.56,18.56,17.27,18.96,1012,80,1012,1007,10000,2.06,210,,20,1723602165,2,2075535,GB,1723610703,1723663527,3600,2643743,London,200
2024-08-13T21:29:01.951233,51.5074,-0.1278,801,Clouds,few clouds,02n,stations,18.56,18.56,17.27,18.96,1012,80,1012,1007,10000,2.06,210,,20,1723602165,2,2075535,GB,1723610703,1723663527,3600,2643743,London,200
2024-08-13T21:30:01.779858,51.5073,-0.1276,801,Clouds,few clouds,02n,stations,18.56,18.56,17.27,18.96,1012,80,1012,1007,10000,2.06,210,,20,1723602384,2,2075535,GB,1723610703,1723663527,3600,2643743,London,200
2024-08-13T21:31:02.558682,51.5073,-0.1276,801,Clouds,few clouds,02n,stations,18.56,18.56,17.27,18.96,1012,80,1012,1007,10000,2.06,210,,20,1723602384,2,2075535,GB,1723610703,1723663527,3600,2643743,London,200
2024-08-13T21:32:02.414766,51.5073,-0.1276,801,Clouds,few clouds,02n,stations,18.56,18.56,17.27,18.96,1012,80,1012,1007,10000,2.06,210,,20,1723602384,2,2075535,GB,1723610703,1723663527,3600,2643743,London,200
2024-08-13T21:33:02.146379,51.5073,-0.1276,801,Clouds,few clouds,02n,stations,18.56,18.56,17.27,18.96,1012,80,1012,1007,10000,2.06,210,,20,1723602384,2,2075535,GB,1723610703,1723663527,3600,2643743,London,200
2024-08-13T21:34:01.937416,51.5073,-0.1276,801,Clouds,few clouds,02n,stations,18.56,18.56,17.27,18.96,1012,80,1012,1007,10000,2.06,210,,20,1723602384,2,2075535,GB,1723610703,1723663527,3600,2643743,London,200
2024-08-13T21:35:03.856172,51.5073,-0.1276,801,Clouds,few clouds,02n,stations,18.56,18.56,17.27,18.96,1012,80,1012,1007,10000,2.06,210,,20,1723602384,2,2075535,GB,1723610703,1723663527,3600,2643743,London,200
2024-08-13T21:36:02.605683,51.5073,-0.1276,801,Clouds,few clouds,02n,stations,18.56,18.56,17.27,18.96,1012,80,1012,1007,10000,2.06,210,,20,1723602384,2,2075535,GB,1723610703,1723663527,3600,2643743,London,200
2024-08-13T21:37:02.332595,51.51,-0.13,801,Clouds,few clouds,02n,stations,18.58,18.58,17.27,18.96,1012,80,1012,1008,10000,1.54,220,,20,1723602991,2,2075535,GB,1723610703,1723663528,3600,2643743,London,200
2024-08-13T21:38:02.424385,51.51,-0.13,801,Clouds,few clouds,02n,stations,18.58,18.58,17.27,18.96,1012,80,1012,1008,10000,1.54,220,,20,1723602991,2,2075535,GB,1723610703,1723663528,3600,2643743,London,200
2024-08-13T21:39:02.105252,51.51,-0.13,801,Clouds,few clouds,02n,stations,18.58,18.58,17.27,18.96,1012,80,1012,1008,10000,2.06,210,,20,1723602618,2,2075535,GB,1723610703,1723663528,3600,2643743,London,200
2024-08-13T21:40:01.904487,51.51,-0.13,801,Clouds,few clouds,02n,stations,18.58,18.58,17.27,18.96,1012,80,1012,1008,10000,2.06,210,,20,1723602618,2,2075535,GB,1723610703,1723663528,3600,2643743,London,200
2024-08-13T21:41:02.864893,51.51,-0.13,801,Clouds,few clouds,02n,stations,18.58,18.58,17.27,18.96,1012,80,1012,1008,10000,2.06,210,,20,1723602618,2,2075535,GB,1723610703,1723663528,3600,2643743,London,200
2024-08-13T21:42:02.790270,51.51,-0.13,801,Clouds,few clouds,02n,stations,18.58,18.58,17.27,18.96,1012,80,1012,1008,10000,2.06,210,,20,1723602618,2,2075535,GB,1723610703,1723663528,3600,2643743,London,200
2024-08-13T21:43:02.617434,51.51,-0.13,801,Clouds,few clouds,02n,stations,18.58,18.58,17.27,18.96,1012,80,1012,1008,10000,1.54,220,,20,1723602991,2,2075535,GB,1723610703,1723663528,3600,2643743,London,200
2024-08-13T21:44:02.380047,51.51,-0.13,801,Clouds,few clouds,02n,stations,18.58,18.58,17.27,18.96,1012,80,1012,1008,10000,1.54,220,,20,1723602991,2,2075535,GB,1723610703,1723663528,3600,2643743,London,200
2024-08-13T21:45:02.399689,51.51,-0.13,801,Clouds,few clouds,02n,stations,18.58,18.58,17.27,18.96,1012,80,1012,1008,10000,1.54,220,,20,1723602991,2,2075535,GB,1723610703,1723663528,3600,2643743,London,200
2024-08-13T21:46:02.298739,51.51,-0.13,801,Clouds,few clouds,02n,stations,18.58,18.58,17.27,18.96,1012,80,1012,1008,10000,1.54,220,,20,1723602991,2,2075535,GB,1723610703,1723663528,3600,2643743,London,200
2024-08-13T21:47:02.095339,51.5074,-0.1278,801,Clouds,few clouds,02n,stations,18.56,18.56,17.27,18.96,1012,80,1012,1007,10000,1.54,220,,20,1723603325,2,2075535,GB,1723610703,1723663527,3600,2643743,London,200
2024-08-13T21:48:01.877640,51.5074,-0.1278,801,Clouds,few clouds,02n,stations,18.56,18.56,17.27,18.96,1012,80,1012,1007,10000,1.54,220,,20,1723603325,2,2075535,GB,1723610703,1723663527,3600,2643743,London,200
2024-08-13T21:49:02.674841,51.5074,-0.1278,801,Clouds,few clouds,02n,stations,18.56,18.56,17.27,18.96,1012,80,1012,1007,10000,1.54,220,,20,1723603325,2,2075535,GB,1723610703,1723663527,3600,2643743,London,200
2024-08-13T21:50:02.541155,51.5074,-0.1278,801,Clouds,few clouds,02n,stations,18.56,18.56,17.27,18.96,1012,80,1012,1007,10000,1.54,220,,20,1723603325,2,2075535,GB,1723610703,1723663527,3600,2643743,London,200
2024-08-13T21:51:02.337768,51.5074,-0.1278,801,Clouds,few clouds,02n,stations,18.56,18.56,17.27,18.96,1012,80,1012,1007,10000,1.54,220,,20,1723603325,2,2075535,GB,1723610703,1723663527,3600,2643743,London,200
2024-08-13T21:52:02.132009,51.5074,-0.1278,801,Clouds,few clouds,02n,stations,18.56,18.56,17.27,18.96,1012,80,1012,1007,10000,1.54,220,,20,1723603325,2,2075535,GB,1723610703,1723663527,3600,2643743,London,200
2024-08-13T21:53:02.008293,51.5074,-0.1278,801,Clouds,few clouds,02n,stations,18.56,18.56,17.27,18.96,1012,80,1012,1007,10000,1.54,220,,20,1723603325,2,2075535,GB,1723610703,1723663527,3600,2643743,London,200
2024-08-13T21:54:02.010602,51.5074,-0.1278,801,Clouds,few clouds,02n,stations,18.56,18.56,17.27,18.96,1012,80,1012,1007,10000,1.54,220,,20,1723603325,2,2075535,GB,1723610703,1723663527,3600,2643743,London,200
2024-08-13T21:55:01.849464,51.5074,-0.1278,801,Clouds,few clouds,02n,stations,18.56,18.56,17.27,18.96,1012,80,1012,1007,10000,1.54,220,,20,1723603325,2,2075535,GB,1723610703,1723663527,3600,2643743,London,200
2024-08-13T21:56:02.612166,51.5074,-0.1278,801,Clouds,few clouds,02n,stations,18.56,18.56,17.27,18.96,1012,80,1012,1007,10000,1.54,220,,20,1723603325,2,2075535,GB,1723610703,1723663527,3600,2643743,London,200
2024-08-13T21:57:02.395018,51.5072,-0.1276,801,Clouds,few clouds,02n,stations,18.56,18.56,17.27,18.96,1012,80,1012,1007,10000,1.54,220,,20,1723603824,2,2075535,GB,1723610703,1723663527,3600,2643743,London,200
2024-08-13T21:58:02.241085,51.5072,-0.1276,801,Clouds,few clouds,02n,stations,18.56,18.56,17.27,18.96,1012,80,1012,1007,10000,1.54,220,,20,1723603824,2,2075535,GB,1723610703,1723663527,3600,2643743,London,200
2024-08-13T21:59:01.984403,51.5072,-0.1276,801,Clouds,few clouds,02n,stations,18.56,18.56,17.27,18.96,1012,80,1012,1007,10000,1.54,220,,20,1723603824,2,2075535,GB,1723610703,1723663527,3600,2643743,London,200
2024-08-13T22:00:01.865987,51.5074,-0.1278,801,Clouds,few clouds,02n,stations,18.56,18.56,17.27,18.96,1012,80,1012,1007,10000,1.54,220,,20,1723604287,2,2075535,GB,1723610703,1723663527,3600,2643743,London,200
2024-08-13T22:01:12.184056,51.5074,-0.1278,801,Clouds,few clouds,02n,stations,18.56,18.56,17.27,18.96,1012,80,1012,1007,10000,1.54,220,,20,1723604287,2,2075535,GB,1723610703,1723663527,3600,2643743,London,200
2024-08-13T22:02:02.376395,51.5074,-0.1278,801,Clouds,few clouds,02n,stations,18.56,18.56,17.27,18.96,1012,80,1012,1007,10000,1.54,220,,20,1723604287,2,2075535,GB,1723610703,1723663527,3600,2643743,London,200
2024-08-13T22:03:02.189151,51.5074,-0.1278,801,Clouds,few clouds,02n,stations,18.56,18.56,17.27,18.96,1012,80,1012,1007,10000,1.54,220,,20,1723604287,2,2075535,GB,1723610703,1723663527,3600,2643743,London,200
2024-08-13T22:04:02.020527,51.5074,-0.1278,801,Clouds,few clouds,02n,stations,18.56,18.56,17.27,18.96,1012,80,1012,1007,10000,1.54,220,,20,1723604287,2,2075535,GB,1723610703,1723663527,3600,2643743,London,200
2024-08-13T22:05:01.809410,51.5074,-0.1278,801,Clouds,few clouds,02n,stations,18.56,18.56,17.27,18.96,1012,80,1012,1007,10000,1.54,220,,20,1723604287,2,2075535,GB,1723610703,1723663527,3600,2643743,London,200
2024-08-13T22:06:02.737057,51.5074,-0.1278,801,Clouds,few clouds,02n,stations,18.56,18.56,17.27,18.96,1012,80,1012,1007,10000,1.54,220,,20,1723604287,2,2075535,GB,1723610703,1723663527,3600,2643743,London,200
2024-08-13T22:07:02.606888,51.5074,-0.1278,802,Clouds,scattered clouds,03n,stations,18.66,18.7,17.84,18.96,1012,81,1012,1007,10000,2.06,240,,40,1723604825,2,2075535,GB,1723610703,1723663527,3600,2643743,London,200
2024-08-13T22:08:02.487217,51.5074,-0.1278,801,Clouds,few clouds,02n,stations,18.56,18.56,17.27,18.96,1012,80,1012,1007,10000,1.54,220,,20,1723604287,2,2075535,GB,1723610703,1723663527,3600,2643743,London,200
2024-08-13T22:09:02.326359,51.5074,-0.1278,802,Clouds,scattered clouds,03n,stations,18.66,18.7,17.84,18.96,1012,81,1012,1007,10000,2.06,240,,40,1723604825,2,2075535,GB,1723610703,1723663527,3600,2643743,London,200
2024-08-13T22:10:02.080910,51.5074,-0.1278,802,Clouds,scattered clouds,03n,stations,18.66,18.7,17.84,18.96,1012,81,1012,1007,10000,2.06,240,,40,1723604825,2,2075535,GB,1723610703,1723663527,3600,2643743,London,200
2024-08-13T22:11:01.842898,51.5074,-0.1278,802,Clouds,scattered clouds,03n,stations,18.66,18.7,17.84,18.96,1012,81,1012,1007,10000,2.06,240,,40,1723604825,2,2075535,GB,1723610703,1723663527,3600,2643743,London,200
2024-08-13T22:12:02.635048,51.5074,-0.1278,802,Clouds,scattered clouds,03n,stations,18.66,18.7,17.84,18.96,1012,81,1012,1007,10000,2.06,240,,40,1723604825,2,2075535,GB,1723610703,1723663527,3600,2643743,London,200
2024-08-13T22:13:02.445645,51.5074,-0.1278,802,Clouds,scattered clouds,03n,stations,18.66,18.7,17.84,18.96,1012,81,1012,1007,10000,2.06,240,,40,1723604825,2,2075535,GB,1723610703,1723663527,3600,2643743,London,200
2024-08-13T22:14:02.241362,51.5074,-0.1278,802,Clouds,scattered clouds,03n,stations,18.66,18.7,17.84,18.96,1012,81,1012,1007,10000,2.06,240,,40,1723604825,2,2075535,GB,1723610703,1723663527,3600,2643743,London,200
2024-08-13T22:15:01.997059,51.5074,-0.1278,802,Clouds,scattered clouds,03n,stations,18.66,18.7,17.84,18.96,1012,81,1012,1007,10000,2.06,240,,40,1723604892,2,2075535,GB,1723610703,1723663527,3600,2643743,London,200
2024-08-13T22:16:01.725001,51.5074,-0.1278,802,Clouds,scattered clouds,03n,stations,18.66,18.7,17.84,18.96,1012,81,1012,1007,10000,2.06,240,,40,1723604892,2,2075535,GB,1723610703,1723663527,3600,2643743,London,200
2024-08-13T22:17:02.539513,51.5074,-0.1278,802,Clouds,scattered clouds,03n,stations,18.66,18.7,17.84,18.96,1012,81,1012,1007,10000,2.06,240,,40,1723604892,2,2075535,GB,1723610703,1723663527,3600,2643743,London,200
2024-08-13T22:18:35.354768,51.5074,-0.1278,802,Clouds,scattered clouds,03n,stations,18.65,18.69,17.8,18.96,1012,81,1012,1007,10000,2.06,240,,40,1723605517,2,2075535,GB,1723610703,1723663527,3600,2643743,London,200
2024-08-13T22:19:02.224239,51.5074,-0.1278,802,Clouds,scattered clouds,03n,stations,18.65,18.69,17.8,18.96,1012,81,1012,1007,10000,2.06,240,,40,1723605544,2,2075535,GB,1723610703,1723663527,3600,2643743,London,200
2024-08-13T22:20:02.166147,51.5074,-0.1278,802,Clouds,scattered clouds,03n,stations,18.65,18.69,17.8,18.96,1012,81,1012,1007,10000,2.06,240,,40,1723605517,2,2075535,GB,1723610703,1723663527,3600,2643743,London,200
2024-08-13T22:21:02.000719,51.5074,-0.1278,802,Clouds,scattered clouds,03n,stations,18.65,18.69,17.8,18.96,1012,81,1012,1007,10000,2.06,240,,40,1723605517,2,2075535,GB,1723610703,1723663527,3600,2643743,London,200
2024-08-13T22:22:01.833072,51.5074,-0.1278,802,Clouds,scattered clouds,03n,stations,18.65,18.69,17.8,18.96,1012,81,1012,1007,10000,2.06,240,,40,1723605517,2,2075535,GB,1723610703,1723663527,3600,2643743,London,200
2024-08-13T22:23:02.601264,51.5074,-0.1278,802,Clouds,scattered clouds,03n,stations,18.65,18.69,17.8,18.96,1012,81,1012,1007,10000,2.06,240,,40,1723605517,2,2075535,GB,1723610703,1723663527,3600,2643743,London,200
2024-08-13T22:24:02.353922,51.5074,-0.1278,802,Clouds,scattered clouds,03n,stations,18.65,18.69,17.8,18.96,1012,81,1012,1007,10000,2.06,240,,40,1723605517,2,2075535,GB,1723610703,1723663527,3600,2643743,London,200
2024-08-13T22:25:02.153621,51.5074,-0.1278,802,Clouds,scattered clouds,03n,stations,18.65,18.69,17.8,18.96,1012,81,1012,1007,10000,2.06,240,,40,1723605544,2,2075535,GB,1723610703,1723663527,3600,2643743,London,200
2024-08-13T22:26:01.920353,51.5074,-0.1278,802,Clouds,scattered clouds,03n,stations,18.65,18.69,17.8,18.96,1012,81,1012,1007,10000,2.06,240,,40,1723605544,2,2075535,GB,1723610703,1723663527,3600,2643743,London,200
2024-08-13T22:27:02.711127,51.5074,-0.1278,802,Clouds,scattered clouds,03n,stations,18.65,18.69,17.8,18.96,1012,81,1012,1007,10000,2.06,240,,40,1723605544,2,2075535,GB,1723610703,1723663527,3600,2643743,London,200
2024-08-13T22:28:02.505177,51.5074,-0.1278,802,Clouds,scattered clouds,03n,stations,18.65,18.69,17.8,18.96,1012,81,1012,1007,10000,2.06,240,,40,1723605544,2,2075535,GB,1723610703,1723663527,3600,2643743,London,200
2024-08-13T22:29:02.570343,51.5074,-0.1278,802,Clouds,scattered clouds,03n,stations,18.65,18.69,17.8,18.96,1012,81,1012,1007,10000,2.06,240,,40,1723605544,2,2075535,GB,1723610703,1723663527,3600,2643743,London,200
2024-08-13T22:30:02.901284,51.5074,-0.1278,802,Clouds,scattered clouds,03n,stations,18.65,18.69,17.79,18.96,1012,81,1012,1007,10000,2.06,240,,40,1723606173,2,2075535,GB,1723610703,1723663527,3600,2643743,London,200
2024-08-13T22:31:02.720177,51.5074,-0.1278,802,Clouds,scattered clouds,03n,stations,18.65,18.69,17.79,18.96,1012,81,1012,1007,10000,2.06,240,,40,1723606173,2,2075535,GB,1723610703,1723663527,3600,2643743,London,200
2024-08-13T22:32:02.536711,51.5074,-0.1278,802,Clouds,scattered clouds,03n,stations,18.65,18.69,17.79,18.96,1012,81,1012,1007,10000,2.06,240,,40,1723606173,2,2075535,GB,1723610703,1723663527,3600,2643743,London,200
2024-08-13T22:33:02.317431,51.5074,-0.1278,802,Clouds,scattered clouds,03n,stations,18.65,18.69,17.79,18.96,1012,81,1012,1007,10000,2.06,240,,40,1723606173,2,2075535,GB,1723610703,1723663527,3600,2643743,London,200
2024-08-13T22:34:02.105813,51.5074,-0.1278,802,Clouds,scattered clouds,03n,stations,18.65,18.69,17.79,18.96,1012,81,1012,1007,10000,2.06,240,,40,1723606173,2,2075535,GB,1723610703,1723663527,3600,2643743,London,200
2024-08-13T22:35:01.955464,51.5074,-0.1278,802,Clouds,scattered clouds,03n,stations,18.65,18.69,17.79,18.96,1012,81,1012,1007,10000,2.06,240,,40,1723606173,2,2075535,GB,1723610703,1723663527,3600,2643743,London,200
2024-08-13T22:36:02.388180,51.5074,-0.1278,802,Clouds,scattered clouds,03n,stations,18.65,18.69,17.79,18.96,1012,81,1012,1007,10000,2.06,240,,40,1723606173,2,2075535,GB,1723610703,1723663527,3600,2643743,London,200
2024-08-13T22:37:02.341388,51.5074,-0.1278,802,Clouds,scattered clouds,03n,stations,18.65,18.69,17.79,18.96,1012,81,1012,1007,10000,2.06,240,,40,1723606173,2,2075535,GB,1723610703,1723663527,3600,2643743,London,200
2024-08-13T22:38:02.089493,51.5074,-0.1278,802,Clouds,scattered clouds,03n,stations,18.65,18.69,17.79,18.96,1012,81,1012,1007,10000,2.06,240,,40,1723606173,2,2075535,GB,1723610703,1723663527,3600,2643743,London,200
2024-08-13T22:39:01.872819,51.5074,-0.1278,802,Clouds,scattered clouds,03n,stations,18.65,18.69,17.79,18.96,1012,81,1012,1007,10000,2.06,240,,40,1723606173,2,2075535,GB,1723610703,1723663527,3600,2643743,London,200
2024-08-13T22:40:02.695141,51.5074,-0.1278,803,Clouds,broken clouds,04n,stations,18.44,18.45,17.24,18.88,1012,81,1012,1007,10000,2.06,250,,69,1723606805,2,2075535,GB,1723610703,1723663527,3600,2643743,London,200
2024-08-13T22:41:02.613372,51.5074,-0.1278,803,Clouds,broken clouds,04n,stations,18.44,18.45,17.24,18.88,1012,81,1012,1007,10000,2.06,250,,69,1723606805,2,2075535,GB,1723610703,1723663527,3600,2643743,London,200
2024-08-13T22:42:02.445876,51.5074,-0.1278,803,Clouds,broken clouds,04n,stations,18.44,18.45,17.24,18.88,1012,81,1012,1007,10000,2.06,250,,69,1723606805,2,2075535,GB,1723610703,1723663527,3600,2643743,London,200
2024-08-13T22:43:02.233249,51.5074,-0.1278,803,Clouds,broken clouds,04n,stations,18.44,18.45,17.24,18.88,1012,81,1012,1007,10000,2.06,250,,69,1723606805,2,2075535,GB,1723610703,1723663527,3600,2643743,London,200
2024-08-13T22:44:02.231396,51.5074,-0.1278,803,Clouds,broken clouds,04n,stations,18.44,18.45,17.24,18.88,1012,81,1012,1007,10000,2.06,250,,69,1723606805,2,2075535,GB,1723610703,1723663527,3600,2643743,London,200
2024-08-13T22:45:02.078177,51.5074,-0.1278,803,Clouds,broken clouds,04n,stations,18.44,18.45,17.24,18.88,1012,81,1012,1007,10000,2.06,250,,69,1723606805,2,2075535,GB,1723610703,1723663527,3600,2643743,London,200
2024-08-13T22:46:02.016607,51.5074,-0.1278,803,Clouds,broken clouds,04n,stations,18.44,18.45,17.24,18.88,1012,81,1012,1007,10000,2.06,250,,69,1723606805,2,2075535,GB,1723610703,1723663527,3600,2643743,London,200
2024-08-13T22:47:01.955083,51.5074,-0.1278,803,Clouds,broken clouds,04n,stations,18.44,18.45,17.24,18.88,1012,81,1012,1007,10000,2.06,250,,69,1723606805,2,2075535,GB,1723610703,1723663527,3600,2643743,London,200
2024-08-13T22:48:02.877979,51.5074,-0.1278,803,Clouds,broken clouds,04n,stations,18.44,18.45,17.24,18.88,1012,81,1012,1007,10000,2.06,250,,69,1723606805,2,2075535,GB,1723610703,1723663527,3600,2643743,London,200
2024-08-13T22:49:02.723627,51.5074,-0.1278,803,Clouds,broken clouds,04n,stations,18.44,18.45,17.24,18.88,1012,81,1012,1007,10000,2.06,250,,69,1723606805,2,2075535,GB,1723610703,1723663527,3600,2643743,London,200
2024-08-13T22:50:02.967098,51.5074,-0.1278,803,Clouds,broken clouds,04n,stations,18.44,18.45,17.24,18.88,1012,81,1012,1007,10000,2.06,250,,69,1723606805,2,2075535,GB,1723610703,1723663527,3600,2643743,London,200
2024-08-13T22:51:03.756887,51.5074,-0.1278,803,Clouds,broken clouds,04n,stations,18.45,18.49,17.24,18.88,1012,82,1012,1007,10000,2.06,250,,69,1723607466,2,2075535,GB,1723610703,1723663527,3600,2643743,London,200
2024-08-13T22:52:02.590451,51.5074,-0.1278,803,Clouds,broken clouds,04n,stations,18.45,18.49,17.24,18.88,1012,82,1012,1007,10000,2.06,250,,69,1723607466,2,2075535,GB,1723610703,1723663527,3600,2643743,London,200
2024-08-13T22:53:02.352057,51.5074,-0.1278,803,Clouds,broken clouds,04n,stations,18.45,18.49,17.24,18.88,1012,82,1012,1007,10000,2.06,250,,69,1723607466,2,2075535,GB,1723610703,1723663527,3600,2643743,London,200
2024-08-13T22:54:02.123327,51.5073,-0.1276,803,Clouds,broken clouds,04n,stations,18.45,18.49,17.24,18.88,1012,82,1012,1007,10000,2.06,250,,69,1723607422,2,2075535,GB,1723610703,1723663527,3600,2643743,London,200
2024-08-13T22:55:01.974369,51.5073,-0.1276,803,Clouds,broken clouds,04n,stations,18.45,18.49,17.24,18.88,1012,82,1012,1007,10000,2.06,250,,69,1723607422,2,2075535,GB,1723610703,1723663527,3600,2643743,London,200
2024-08-13T22:56:01.794216,51.5073,-0.1276,803,Clouds,broken clouds,04n,stations,18.45,18.49,17.24,18.88,1012,82,1012,1007,10000,2.06,250,,69,1723607422,2,2075535,GB,1723610703,1723663527,3600,2643743,London,200
2024-08-13T22:57:02.748791,51.5073,-0.1276,803,Clouds,broken clouds,04n,stations,18.45,18.49,17.24,18.88,1012,82,1012,1007,10000,2.06,250,,69,1723607422,2,2075535,GB,1723610703,1723663527,3600,2643743,London,200
2024-08-13T22:58:02.630011,51.5073,-0.1276,803,Clouds,broken clouds,04n,stations,18.45,18.49,17.24,18.88,1012,82,1012,1007,10000,2.06,250,,69,1723607422,2,2075535,GB,1723610703,1723663527,3600,2643743,London,200
2024-08-13T22:59:02.530310,51.5073,-0.1276,803,Clouds,broken clouds,04n,stations,18.45,18.49,17.24,18.88,1012,82,1012,1007,10000,2.06,250,,69,1723607422,2,2075535,GB,1723610703,1723663527,3600,2643743,London,200
2024-08-13T23:00:02.354113,51.5073,-0.1276,803,Clouds,broken clouds,04n,stations,18.45,18.49,17.24,18.88,1012,82,1012,1007,10000,2.06,250,,69,1723607422,2,2075535,GB,1723610703,1723663527,3600,2643743,London,200
2024-08-13T23:01:02.139102,51.5074,-0.1278,803,Clouds,broken clouds,04n,stations,18.34,18.37,16.73,18.88,1012,82,1012,1007,10000,2.06,250,,69,1723608064,2,2075535,GB,1723610703,1723663527,3600,2643743,London,200
2024-08-13T23:02:01.925949,51.5074,-0.1278,803,Clouds,broken clouds,04n,stations,18.34,18.37,16.73,18.88,1012,82,1012,1007,10000,2.06,250,,69,1723608064,2,2075535,GB,1723610703,1723663527,3600,2643743,London,200
2024-08-13T23:03:02.733277,51.5074,-0.1278,803,Clouds,broken clouds,04n,stations,18.34,18.37,16.73,18.88,1012,82,1012,1007,10000,2.06,250,,69,1723608064,2,2075535,GB,1723610703,1723663527,3600,2643743,London,200
2024-08-13T23:04:02.504460,51.5074,-0.1278,803,Clouds,broken clouds,04n,stations,18.34,18.37,16.73,18.88,1012,82,1012,1007,10000,2.06,250,,69,1723608064,2,2075535,GB,1723610703,1723663527,3600,2643743,London,200
2024-08-13T23:05:02.285072,51.5074,-0.1278,803,Clouds,broken clouds,04n,stations,18.34,18.37,16.73,18.88,1012,82,1012,1007,10000,2.06,250,,69,1723608064,2,2075535,GB,1723610703,1723663527,3600,2643743,London,200
2024-08-13T23:06:02.035172,51.5074,-0.1278,803,Clouds,broken clouds,04n,stations,18.34,18.37,16.73,18.88,1012,82,1012,1007,10000,2.06,250,,69,1723608064,2,2075535,GB,1723610703,1723663527,3600,2643743,London,200
2024-08-13T23:07:01.801522,51.5074,-0.1278,803,Clouds,broken clouds,04n,stations,18.34,18.37,16.73,18.88,1012,82,1012,1007,10000,2.06,250,,69,1723608064,2,2075535,GB,1723610703,1723663527,3600,2643743,London,200
2024-08-13T23:08:02.810638,51.5074,-0.1278,803,Clouds,broken clouds,04n,stations,18.34,18.37,16.73,18.88,1012,82,1012,1007,10000,2.06,250,,69,1723608064,2,2075535,GB,1723610703,1723663527,3600,2643743,London,200
2024-08-13T23:09:03.610915,51.5074,-0.1278,803,Clouds,broken clouds,04n,stations,18.34,18.37,16.73,18.88,1012,82,1012,1007,10000,3.09,240,,69,1723608123,2,2075535,GB,1723610703,1723663527,3600,2643743,London,200
2024-08-13T23:10:02.925493,51.5074,-0.1278,803,Clouds,broken clouds,04n,stations,18.34,18.37,16.73,18.88,1012,82,1012,1007,10000,3.09,240,,69,1723608123,2,2075535,GB,1723610703,1723663527,3600,2643743,London,200
2024-08-13T23:11:02.670535,51.5074,-0.1278,803,Clouds,broken clouds,04n,stations,18.34,18.37,16.73,18.88,1012,82,1012,1007,10000,3.09,240,,69,1723608123,2,2075535,GB,1723610703,1723663527,3600,2643743,London,200
2024-08-13T23:12:02.516848,51.5074,-0.1278,803,Clouds,broken clouds,04n,stations,18.34,18.37,16.73,18.88,1012,82,1012,1007,10000,3.09,240,,69,1723608123,2,2075535,GB,1723610703,1723663527,3600,2643743,London,200
2024-08-13T23:13:02.330786,51.5074,-0.1278,803,Clouds,broken clouds,04n,stations,18.34,18.4,16.73,18.88,1012,83,1012,1007,10000,3.09,240,,69,1723608784,2,2075535,GB,1723610703,1723663527,3600,2643743,London,200
2024-08-13T23:14:02.087973,51.5074,-0.1278,803,Clouds,broken clouds,04n,stations,18.34,18.4,16.73,18.88,1012,83,1012,1007,10000,3.09,240,,69,1723608784,2,2075535,GB,1723610703,1723663527,3600,2643743,London,200
2024-08-13T23:15:02.019209,51.5074,-0.1278,803,Clouds,broken clouds,04n,stations,18.34,18.4,16.73,18.88,1012,83,1012,1007,10000,3.09,240,,69,1723608784,2,2075535,GB,1723610703,1723663527,3600,2643743,London,200
2024-08-13T23:16:01.922575,51.5074,-0.1278,803,Clouds,broken clouds,04n,stations,18.34,18.4,16.73,18.88,1012,83,1012,1007,10000,3.09,240,,69,1723608784,2,2075535,GB,1723610703,1723663527,3600,2643743,London,200
2024-08-13T23:17:02.737778,51.5074,-0.1278,803,Clouds,broken clouds,04n,stations,18.34,18.4,16.73,18.88,1012,83,1012,1007,10000,3.09,240,,69,1723608784,2,2075535,GB,1723610703,1723663527,3600,2643743,London,200
2024-08-13T23:18:03.454182,51.5085,-0.1257,803,Clouds,broken clouds,04n,stations,18.29,18.34,16.72,18.86,1012,83,1012,1007,10000,3.09,240,,69,1723608541,2,2075535,GB,1723610702,1723663527,3600,2643743,London,200
2024-08-13T23:19:02.432232,51.5085,-0.1257,803,Clouds,broken clouds,04n,stations,18.29,18.34,16.72,18.86,1012,83,1012,1007,10000,3.09,240,,69,1723608541,2,2075535,GB,1723610702,1723663527,3600,2643743,London,200
2024-08-13T23:20:02.332838,51.5085,-0.1257,803,Clouds,broken clouds,04n,stations,18.29,18.34,16.72,18.86,1012,83,1012,1007,10000,3.09,240,,69,1723608541,2,2075535,GB,1723610702,1723663527,3600,2643743,London,200
2024-08-13T23:21:02.115263,51.5085,-0.1257,803,Clouds,broken clouds,04n,stations,18.29,18.34,16.72,18.86,1012,83,1012,1007,10000,3.09,240,,69,1723608541,2,2075535,GB,1723610702,1723663527,3600,2643743,London,200
2024-08-13T23:22:01.906441,51.5074,-0.1278,803,Clouds,broken clouds,04n,stations,18.34,18.4,16.73,18.88,1012,83,1012,1007,10000,3.09,240,,69,1723609232,2,2075535,GB,1723610703,1723663527,3600,2643743,London,200
